1301,1,極洋
1305,2,ダイワＴＰＸ
1306,2,ＴＰＸ連動
1308,2,上場ＴＰＸ
1309,2,上証５０連動
1311,2,コア３０連動
1312,2,ＲＮ小型コア
1313,2,ＫＯＤＥＸ
1319,2,３００投信
1320,2,ダイワ２２５
1321,2,２２５連動
1322,2,上場パンダ
1323,2,南ア４０連動
1324,2,ロシア
1325,2,ブラジル
1326,2,ＳＰＤＲゴル
1327,2,ＥＡＳＹ商品
1328,2,金連動投信
1329,2,ｉＳ２２５
1330,2,上場２２５
1332,1,日水
1333,1,マルハニチロ
1343,2,ＲＥＩＴ
1344,2,ＭＸコア３０
1345,2,上場Ｊリート
1346,2,ＭＸＳ２２５
1348,2,ＭＸトピクス
1349,2,アジア債券
1352,1,ホウスイ
1356,2,ＴＰＷインバ
1357,2,日経ダブルＩ
1358,2,上場日経２倍
1360,2,Ｗイン日経
1364,2,ｉＳＪＰＸ
1365,2,大和２２５Ｗ
1366,2,２２５Ｗベア
1367,2,大和ＴＰＸＷ
1368,2,ＴＰＸＷベア
1369,2,Ｏ日経２２５
1376,1,カネコ種
1377,1,サカタのタネ
1379,1,ホクト
1380,j,秋川牧園
1381,j,アクシーズ
1382,j,ホーブ
1383,j,ベルグアース
1384,1,ホクリヨウ
1385,2,ユーロ圏５０
1386,2,ＵＢＳ欧州株
1387,2,ＵＢＳ通貨株
1388,2,ＵＢ通貨小型
1389,2,ＵＢ英国大型
1390,2,ＵＢアジア太
1391,2,ＵＢＳスイス
1392,2,ＵＢＳ英国株
1393,2,ＵＢＳ米国株
1394,2,ＵＢＳ先進国
1397,2,ＳＭＤ２２５
1398,2,ＳＭＤリート
1399,2,高配当低ボラ
1400,j,ルーデン
1401,m,ＭＢＳ
1407,j,ウエストＨＤ
1413,1,ヒノキヤＧ
1414,1,ショーボンド
1417,1,ミライトＨＤ
1418,j,インタライフ
1419,1,タマホーム
1420,1,サンヨーＨ
1429,1,日本アクア
1430,1,Ｆコーポ
1431,m,リブワーク
1433,1,ベステラ
1434,2,ＪＥＳＣＯＨ
1435,1,ＴＡＴＥＲＵ
1436,m,フィット
1439,j,安江工務店
1443,2,技研ＨＤ
1446,1,キャンディル
1447,m,ＩＴｂＨＤ
1448,1,ＳバリューＨ
1450,j,田中建設
1451,2,ＫＨＣ
1456,2,大２２５ベア
1457,2,大和ＴＸベア
1458,2,楽２２５ブル
1459,2,楽２２５ベア
1460,2,ＭＸＳＪクオ
1464,2,大和ＪＷ
1465,2,大和Ｊベア
1466,2,大和ＪＷベア
1467,2,Ｊ４００ブル
1468,2,Ｊ４００ベア
1469,2,４ベア２倍
1470,2,Ｊ４００レバ
1471,2,Ｊ４００イン
1472,2,Ｊ４００Ｗイ
1473,2,ＯＥＴＦＴ
1474,2,ＯＪＰＸ
1475,2,ｉＳＴＰＸ
1476,2,ｉＳＪリート
1477,2,ｉＳ最小分散
1478,2,ｉＳ高配当
1479,2,大和ＭＳ人材
1480,2,企業価値Ｅ
1481,2,日本経済貢献
1482,2,七十円ヘジ
1483,2,ｉＳ設備人材
1484,2,Ｏ設備人材
1485,2,ＭＪ積極投資
1486,2,米債ヘなし
1487,2,米債ヘあり
1488,2,大和Ｊリート
1489,2,日経高配５０
1490,2,ベータヘッジ
1491,2,中外鉱
1492,2,ＭＸＳ中小型
1493,2,Ｏｎｅ中小型
1494,2,Ｏｎｅ高配当
1495,2,アジアリート
1496,2,ｉＳ米ＩＧ
1497,2,ｉＳドルＨＹ
1498,2,ＯｎｅＥＳＧ
1499,2,高配７０ＭＮ
1514,1,住石ＨＤ
1515,1,日鉄鉱
1518,1,三井松島ＨＤ
1540,2,純金信託
1541,2,純プラ信
1542,2,純銀信託
1543,2,純パラ信
1545,2,ＮＡＳＤ投信
1546,2,ＮＹダウ投信
1547,2,上場米国
1550,2,ＭＸＳ外株
1551,2,ＪＱ２０
1552,2,ＶＩＸ先物
1554,2,上場ＭＳ世
1555,2,上場Ａリート
1557,2,ＳＰＤ５００
1559,2,タイＳＥＴ
1560,2,マレーシア
1563,2,マザーズコア
1566,2,上場ＥＭ債
1567,2,Ｍリスク５
1568,2,ＴＰレバＷ
1569,2,ＴＰＸインバ
1570,2,日経レバ
1571,2,日経インバ
1572,2,Ｈ株レバＷ
1573,2,Ｈ株インバ
1574,2,Ｍリスク１０
1575,2,中国Ａ３００
1576,2,南方Ａ５０
1577,2,高配当７０
1578,2,上場２２５Ｍ
1579,2,日経レバＷ
1580,2,２２５インバ
1584,2,Ｋサムスン株
1585,2,ダイワＥＸＦ
1586,2,ＴＰＸ除金融
1591,2,ＪＰＸ日経
1592,2,上場ＪＰＸ
1593,2,ＭＸＳ４００
1595,2,ＮＺＡＭＪ
1596,2,ＮＺＡＭＥＸ
1597,2,ＭＸＳＪリト
1598,2,ＲＮファンダ
1599,2,大和ＪＰＸ
1605,1,国際帝石
1615,2,銀行連動
1617,2,食品
1618,2,エネ資源
1619,2,建設資材
1620,2,素材化学
1621,2,医薬品
1622,2,自動車
1623,2,鉄鋼非鉄
1624,2,機械
1625,2,電機精密
1626,2,情通サ他
1627,2,電力ガス
1628,2,運輸物流
1629,2,商社卸売
1630,2,小売
1631,2,銀行・１７
1632,2,金融
1633,2,不動産
1651,2,大和高配４０
1652,2,大和ＷＩＮ
1653,2,大和ＥＳＧ
1654,2,大和ブロサム
1655,2,ｉＳＳＰ米国
1656,2,ｉＳ米国七十
1657,2,ｉＳＭ先進国
1658,2,ｉＳＭ新興国
1659,2,ｉＳ米リート
1660,2,ＭＸＳ高利Ｊ
1662,1,石油資源
1663,1,Ｋ＆Ｏエナジ
1670,2,ＭＸＳ三菱
1671,2,ＷＴＩ原油
1672,2,金
1673,2,銀
1674,2,プラチナ
1675,2,パラジウム
1676,2,貴金属
1677,2,上場外債
1678,2,インドＮＩＦ
1679,2,ＮＹダウ
1680,2,上場ＭＳコク
1681,2,上場ＭＳエマ
1682,2,白金先物
1683,2,Ｏ金先物
1684,2,商品
1685,2,エナジー
1686,2,メタル
1687,2,アグリ
1688,2,穀物
1689,2,ガス
1690,2,原油
1691,2,ガソリン
1692,2,アルミ
1693,2,銅
1694,2,ニッケル
1695,2,小麦
1696,2,コーン
1697,2,大豆
1698,2,上場配当
1699,2,野村原油
1711,2,省電舎ＨＤ
1712,1,ダイセキＳ
1716,1,第一カッター
1717,1,明豊ファシリ
1718,j,美樹工業
1719,1,安藤ハザマ
1720,1,東急建設
1721,1,コムシスＨＤ
1723,j,日本電技
1724,j,シンクレイヤ
1726,1,Ｂｒ．ＨＤ
1728,j,ミサワ中国
1730,j,麻生フオーム
1736,j,オーテック
1737,2,ＭＥＳＣＯ
1739,j,ＳＥＥＤＨ
1743,2,コーアツ工業
1757,2,クレアＨＤ
1758,j,太洋基礎
1762,1,高松Ｇ
1764,2,工藤建設
1766,1,東建コーポ
1768,1,ソネック
1770,j,藤田エンジ
1775,2,ＦＦＥ＆Ｃ
1776,2,三住道路
1780,1,ヤマウラ
1782,j,常磐開発
1783,j,アジアゲート
1787,j,ナカボテック
1788,j,三東工業
1789,j,ＥＴＳＨＤ
1793,j,大本組
1795,j,マサル
1798,j,守谷商会
1799,j,第一建設
1801,1,大成建
1802,1,大林組
1803,1,清水建
1805,1,飛島建
1807,j,佐藤渡辺
1808,1,長谷工
1810,1,松井建
1811,1,銭高組
1812,1,鹿島
1813,1,不動テトラ
1814,1,大末建
1815,1,鉄建建設
1820,1,西松建
1821,1,三住建設
1822,1,大豊建
1824,1,前田建
1826,1,佐田建
1827,1,ナカノフドー
1828,2,田辺工業
1833,1,奥村組
1835,1,東鉄工
1840,2,土屋ＨＤ
1841,j,サンユ建
1844,2,大盛工
1847,1,イチケン
1848,1,富士ＰＳ
1850,2,南海辰村
1852,1,浅沼組
1853,2,森組
1860,1,戸田建
1861,1,熊谷組
1866,1,北野建
1867,1,植木組
1870,1,矢作建
1871,1,ＰＳ三菱
1873,1,日本ハウスＨ
1878,1,大東建
1879,1,新日本建
1881,1,ＮＩＰＰＯ
1882,1,東亜道
1883,1,前田道
1884,1,日道路
1885,1,東亜建
1887,1,日本国土開発
1888,1,若築建
1890,1,東洋建
1893,1,五洋建
1897,2,金下建
1898,1,世紀東急
1899,1,福田組
1904,j,大成温調
1905,j,テノックス
1909,1,日本ドライ
1911,1,住友林
1914,1,日基礎
1921,1,巴
1925,1,大和ハウス
1926,1,ライト工
1928,1,積水ハウス
1929,1,日特建
1930,1,北陸電工
1934,1,ユアテック
1938,1,日リーテック
1939,1,四電工
1941,1,中電工
1942,1,関電工
1944,1,きんでん
1945,1,東京エネシス
1946,1,トーエネク
1948,2,弘電社
1949,1,住友電設
1950,1,日本電設
1951,1,協エクシオ
1952,1,新日空調
1954,1,日工営
1959,1,九電工
1960,2,サンテック
1961,1,三機工
1963,1,日揮ＨＤ
1964,1,中外炉
1965,2,テクノ菱和
1966,2,高田工
1967,1,ヤマト
1968,1,太平電
1969,1,高砂熱
1971,2,中央ビルト
1972,1,三晃金
1973,1,ＮＥＳＩＣ
1975,1,朝日工
1976,1,明星工
1979,1,大気社
1980,1,ダイダン
1981,j,協和日成
1982,1,日比谷設備
1992,j,神田通機
1994,j,高橋ウォール
1997,j,暁飯島
2001,1,日本粉
2002,1,日清粉Ｇ
2003,1,日東富士
2004,1,昭和産
2009,1,鳥越粉
2031,2,ハンセンブル
2032,2,ハンセンベア
2033,2,ＫＯＳＰブル
2034,2,ＫＯＳＰべア
2035,2,日経ＶＩ
2036,2,金ブル
2037,2,金ベア
2038,2,原油ブル
2039,2,原油ベア
2040,2,ＮＹダウブル
2041,2,ＮＹダウベア
2042,2,マザーズＥＴ
2043,2,アセアン５０
2044,2,米配当貴族
2045,2,シンガポール
2046,2,インドブル
2047,2,インドベア
2048,2,株高配当７０
2050,2,ニッチトップ
2053,1,中部飼
2055,2,日和産
2060,1,フィードワン
2065,2,日本配当貴族
2066,2,東証リート
2067,2,野村ＡＩ７０
2068,2,高ベータ３０
2069,2,低ベータ５０
2107,1,東洋糖
2108,1,甜菜糖
2109,1,三井製糖
2112,1,塩水糖
2114,2,フジ日本
2117,1,日新製糖
2120,1,ＬＩＦＵＬＬ
2121,1,ミクシィ
2122,m,Ｉスペース
2124,1,ＪＡＣＲ
2127,1,Ｍ＆Ａ
2130,1,メンバーズ
2134,j,サンキャピタ
2136,j,ヒップ
2138,j,クルーズ
2139,1,中広
2146,1,ＵＴグループ
2148,1,ＩＴＭ
2150,m,ケアネット
2151,1,タケエイ
2152,j,幼児活動研究
2153,1,ＥＪＨＤ
2154,1,ビーネックス
2156,j,セーラー広告
2157,1,コシダカＨＤ
2158,m,ＦＲＯＮＴＥ
2159,2,フルスピード
2160,m,ＧＮＩ
2162,j,ｎｍｓＨＤ
2163,1,アルトナー
2164,j,地域新聞社
2168,1,パソナ
2169,1,ＣＤＳ
2170,1,ＬＩＮＫ＆Ｍ
2173,j,博展
2174,1,ＧＣＡ
2175,1,ＳＭＳ
2176,j,イナリサーチ
2178,m,トライＳＴＧ
2179,j,成学社
2180,1,サニーサイド
2181,1,パーソルＨＤ
2183,1,リニカル
2185,j,シイエムシイ
2186,j,ソーバル
2191,j,テラ
2193,1,クックパッド
2195,j,アミタＨＤ
2196,1,エスクリ
2198,1,アイケイケイ
2201,1,森永菓
2204,1,中村屋
2206,1,グリコ
2207,1,名糖産
2208,2,ブルボン
2209,1,井村屋Ｇ
2211,1,不二家
2212,1,山パン
2215,1,第一パン
2216,2,カンロ
2217,1,モロゾフ
2220,1,亀田菓
2221,j,岩塚製菓
2222,1,寿スピリッツ
2224,j,コモ
2226,j,湖池屋
2229,1,カルビー
2264,1,森永乳
2266,1,六甲バタ
2267,1,ヤクルト
2268,j,サーティワン
2269,1,明治ＨＤ
2270,1,雪印メグ
2281,1,プリマ
2282,1,日ハム
2286,1,林兼
2288,1,丸大食
2291,2,福留ハム
2292,1,ＳＦＯＯＤＳ
2293,j,滝沢ハム
2294,1,柿安本店
2296,1,伊藤ハム米久
2300,j,きょくと
2301,1,学情
2303,j,ドーン
2304,j,ＣＳＳＨＤ
2305,1,Ｓアリス
2307,1,Ｃキャット
2309,1,シミックＨＤ
2311,1,エプコ
2315,j,ＣＡＩＣＡ
2317,1,システナ
2321,j,ソフトフロン
2323,j,ｆｏｎｆｕｎ
2325,1,ＮＪＳ
2326,1,デジアーツ
2327,1,ＮＳＳＯＬ
2329,j,東北新社
2330,j,フォーサイド
2331,1,ＡＬＳＯＫ
2332,j,クエスト
2334,m,イオレ
2335,1,キューブシス
2337,1,いちご
2338,2,ビットワンＧ
2340,j,極楽湯ＨＤ
2341,j,アルバイトＴ
2342,m,トランスＧ
2344,j,平安レイ
2345,2,クシム
2349,j,ＮＩＤ
2351,m,ＡＳＪ
2352,1,エイジア
2353,1,日駐
2354,2,ＹＥＤＩＧＩ
2359,1,コア
2362,j,夢真ＨＤ
2370,m,ＭＤＮＴ
2371,1,カカクコム
2372,1,アイロムＧ
2373,j,ケア２１
2374,1,セントケアＨ
2375,2,ギグワークス
2376,1,サイネックス
2378,1,ルネサンス
2379,1,ディップ
2384,1,ＳＢＳＨＤ
2385,m,総医研ＨＤ
2388,j,ウェッジＨＤ
2389,1,オプトＨＤ
2391,j,プラネット
2393,2,日本ケア
2395,1,新日科学
2397,2,ＤＮＡ研
2398,1,ツクイ
2402,m,アマナ
2404,2,鉄人化
2406,j,アルテＨＤ
2408,j,ＫＧ情報
2410,1,キャリアデ
2411,j,ゲンダイＡＧ
2412,1,ベネ・ワン
2413,1,エムスリー
2415,j,ヒューマンＨ
2418,1,ツカダＧＨ
2424,1,ブラス
2425,j,ケアサービス
2427,1,アウトソシン
2428,1,ウェルネット
2429,1,ワールドＨＤ
2432,1,ＤｅＮＡ
2433,1,博報堂ＤＹ
2435,j,シダー
2436,j,共同ＰＲ
2437,j,シンワＷＨ
2438,m,アスカネット
2440,1,ぐるなび
2445,1,タカミヤ
2449,j,プラップＪ
2453,1,ＪＢＲ
2454,j,Ａアバウト
2459,2,アウン
2461,1,ファンコミ
2462,1,ライク
2464,1,ＢＢＴ
2468,2,フュトレック
2469,j,ヒビノ
2471,1,エスプール
2475,1,ＷＤＢ
2477,1,手間いらず
2479,j,ジェイテック
2480,j,シスロケ
2481,j,タウンニュス
2483,j,翻訳センター
2484,j,出前館
2485,1,ティア
2487,1,ＣＤＧ
2488,j,日本サード
2489,m,ＡＤＷＡＹＳ
2491,1,Ｖコマース
2492,1,インフォＭＴ
2493,j,イーサポート
2497,m,ユナイテッド
2498,j,オリコンＨＤ
2499,2,日本和装
2501,1,サッポロＨＤ
2502,1,アサヒ
2503,1,キリンＨＤ
2510,2,国内債券
2511,2,外国債券
2512,2,外債ヘッジ
2513,2,外国株式
2514,2,外株ヘッジ
2515,2,外国リート
2516,2,マザーズＥＴ
2517,2,Ｊリートコア
2518,2,女性活躍
2519,2,新興債Ｈなし
2520,2,新興株Ｈなし
2521,2,上場米Ｈあり
2522,2,ｉＳロボ
2523,2,ＭＸト除金融
2524,2,ＮＺＴＰＸ
2525,2,ＮＺ２２５
2526,2,ＮＺＪＰＸ
2527,2,ＮＺＲコア
2528,2,大和Ｒコア
2529,2,株主還元７０
2530,2,上海１８０Ａ
2531,1,宝ＨＬＤ
2533,1,オエノンＨＤ
2540,1,養命酒
2552,2,ＪリートＭ
2553,2,南方中国Ａ株
2554,2,米社債１０
2555,2,東証ＲＥＩＴ
2556,2,Ｏｎｅリート
2557,2,ＳＤトピクス
2558,2,ＭＸＳ米国株
2559,2,ＭＸＳ全世界
2560,2,ＭＸＳカボン
2561,2,ｉＳ日本国債
2562,2,上場ダウ
2563,2,ｉＳ５米為あ
2573,2,北海コカ
2579,1,コカコーラ
2586,m,フルッタＦ
2587,1,サントリＢＦ
2588,2,プレミアムＷ
2590,1,ＤｙＤｏ
2593,1,伊藤園
2594,1,キーコーヒ
2597,1,ユニカフェ
2599,1,ジャパンＦ
2602,1,日清オイリオ
2607,1,不二製油Ｇ
2608,2,ボーソ油
2612,1,かどや製油
2613,1,Ｊオイル
2651,1,ローソン
2652,2,まんだらけ
2653,j,イオン九州
2654,2,アスモ
2656,j,ベクター
2659,1,サンエー
2664,1,カワチ薬品
2666,j,オートウェブ
2667,j,イメージワン
2668,2,タビオ
2669,j,カネ美食品
2670,1,ＡＢＣマート
2673,j,夢みつけ隊
2674,1,ハードオフ
2675,2,ダイナックＨ
2676,1,高千穂交
2678,1,アスクル
2681,1,ゲオＨＤ
2683,2,魚喜
2685,1,アダストリア
2686,1,ジーフット
2687,1,ＣＶＳベイ
2689,1,カワニシＨＤ
2692,1,伊藤忠食品
2693,j,ＹＫＴ
2694,j,Ｇテイスト
2695,1,くら寿司
2698,1,キャンドゥ
2700,j,木徳神糧
2702,j,マクドナルド
2705,j,大戸屋ＨＤ
2706,j,ブロッコリー
2708,j,久世
2714,j,プラマテルズ
2715,1,エレマテック
2721,j,ＪＨＤ
2722,2,アイケイ
2726,1,パルＧＨ
2729,1,ＪＡＬＵＸ
2730,1,エディオン
2733,1,あらた
2734,1,サーラ
2735,1,ワッツ
2736,j,フェスタリア
2737,1,トーメンデバ
2742,1,ハローズ
2743,j,ピクセル
2747,j,北雄ラッキー
2749,1,ＪＰＨＤ
2750,j,石光商事
2751,j,テンポスＨＤ
2752,1,フジオフード
2753,1,あみやき
2754,j,東葛ＨＤ
2760,1,東エレデバ
2761,j,トシンＧ
2762,2,三光ＭＦ
2763,j,エフティＧ
2764,1,ひらまつ
2767,1,フィールズ
2768,1,双日
2769,j,ヴィレッジＶ
2773,j,ミュチュアル
2776,j,新都ＨＤ
2777,j,カッシーナ
2778,2,パレモＨＤ
2780,2,コメ兵
2782,j,セリア
2784,1,アルフレッサ
2788,2,アップル
2789,j,カルラ
2790,j,ナフコ
2791,1,大黒天
2792,1,ハニーズＨＤ
2795,j,プリメックス
2796,1,ファマライズ
2798,2,Ｙ’ｓ
2801,1,キッコマン
2802,1,味の素
2804,2,ブルソス
2805,2,ヱスビー
2806,2,ユタカフーズ
2809,1,キユーピ
2810,1,ハウス食Ｇ
2811,1,カゴメ
2812,1,焼津水化
2813,j,和弘食品
2814,j,佐藤食品
2815,1,アリアケ
2816,2,ダイショー
2818,1,ピエトロ
2819,1,エバラ食品
2820,1,やまみ
2830,2,アヲハタ
2831,2,はごろも
2871,1,ニチレイ
2872,2,セイヒョー
2874,1,ヨコレイ
2875,1,東洋水産
2876,j,ＪＣコムサ
2877,j,日東ベスト
2882,1,イートアンド
2883,1,大冷
2884,1,ヨシムラＦＨ
2892,2,日食品
2894,2,石井食
2897,1,日清食ＨＤ
2899,1,永谷園ＨＤ
2901,j,石垣食品
2903,2,シノブフーズ
2904,1,一正蒲鉾
2905,j,オーケー食
2907,2,あじかん
2908,1,フジッコ
2910,1,ロックフィル
2911,2,旭松食品
2914,1,ＪＴ
2915,1,ケンコーマヨ
2916,j,仙波糖化
2917,j,大森屋
2918,1,わらべや日洋
2922,1,なとり
2923,2,サトウ食品
2924,1,イフジ産業
2925,1,ピックルス
2926,2,篠崎屋
2927,j,ＡＦＣＨＤ
2929,2,ファーマＦ
2930,1,北の達人
2931,1,ユーグレナ
2970,j,グッドライフ
2971,2,エスコンＪＰ
2972,2,サンケイＲＥ
2975,1,スターマイカ
2978,m,ツクルバ
2979,2,ＳＯＳｉＬＡ
2980,m,ＳＲＥＨＤ
2981,m,ランディクス
2982,1,ＡＤワークＧ
3001,1,片倉
3002,1,グンゼ
3003,1,ヒューリック
3004,1,神栄
3010,2,価値開発
3011,2,バナーズ
3020,j,アプライド
3021,2,ＰＣＮＥＴ
3023,1,ラサ商事
3024,j,クリエイト
3028,1,アルペン
3030,1,ハブ
3031,1,ラクーンＨＤ
3034,1,クオールＨＤ
3035,j,ＫＴＫ
3036,1,アルコニクス
3038,1,神戸物産
3040,1,ソリトン
3041,2,ビ花壇
3042,j,セキュア
3045,2,カワサキ
3046,1,ジンズＨＤ
3048,1,ビックカメラ
3050,1,ＤＣＭ
3053,1,ペッパー
3054,1,ハイパー
3058,j,三洋堂ＨＤ
3059,2,ヒラキ
3063,m,ＪグループＨ
3064,1,ＭＲＯ
3065,j,ライフフーズ
3067,1,東京一番
3068,j,ＷＤＩ
3069,j,ＪＦＬＡＨＤ
3070,j,アマガサ
3071,2,ストリーム
3073,1,ＤＤＨＤ
3075,j,銚子丸
3076,1,あいＨＤ
3077,j,ホリイフード
3079,1,ＤＶｘ
3080,j,ジェーソン
3082,1,きちりＨＤ
3083,j,シーズメン
3085,1,ＡＬサービス
3086,1,Ｊフロント
3087,1,ドトル日レス
3088,1,マツモトキヨ
3089,j,テクノアルフ
3091,1,ブロンコＢ
3092,1,ＺＯＺＯ
3093,1,トレファク
3094,j,スーパーＶ
3096,j,オーシャン
3097,1,物語コーポ
3098,1,ココカラＦ
3099,1,三越伊勢丹
3101,1,東洋紡
3103,1,ユニチカ
3104,1,富士紡ＨＤ
3105,1,日清紡ＨＤ
3106,1,クラボウ
3107,1,ダイワボＨＤ
3109,1,シキボウ
3110,1,日東紡
3111,2,オーミケン
3113,2,Ｏａｋ
3116,1,トヨタ紡織
3121,2,マーチャント
3123,2,サイボー
3125,2,新内外綿
3131,j,シンデンハイ
3132,1,マクニカ富士
3133,m,海帆
3134,1,Ｈａｍｅｅ
3135,m,Ｍエンター
3137,m,ファンデリー
3138,m,富士マガジン
3139,1,ラクトＪ
3140,j,イデアインタ
3141,1,ウエルシアＨ
3143,2,オーウイル
3148,1,クリエイトＨ
3150,2,グリムス
3151,1,バイタルＫＳ
3153,1,八洲電機
3154,1,メディアスＨ
3156,1,レスターＨＤ
3157,1,ジューテック
3159,1,丸善ＣＨＩ
3160,1,大光
3161,2,アゼアス
3166,1,ＯＣＨＩＨＤ
3167,1,ＴＯＫＡＩＨ
3168,1,黒谷
3169,1,ミサワ
3171,j,ＭＶ九州
3172,1,ティーライフ
3173,1,Ｃｏｍｉｎｉ
3174,j,ハピネス＆Ｄ
3175,1,ＡＰＣ
3176,1,三洋貿易
3177,j,ありがとうＳ
3178,1,チムニー
3179,1,シュッピン
3180,1,Ｂガレージ
3181,j,買取王国
3182,1,オイラ大地
3183,1,ウインパトナ
3184,2,ＩＣＤＡ
3185,m,夢展望
3186,1,ネクステージ
3187,m,サンワＣ
3189,j,ＡＮＡＰ
3190,j,ホットマン
3191,1,ジョイ本田
3192,j,白鳩
3193,1,鳥貴族
3194,1,キリン堂ＨＤ
3195,m,ジェネパ
3196,1,ホットランド
3197,1,すかいらくＨ
3198,1,ＳＦＰＨＤ
3199,1,綿半ＨＤ
3201,1,ニッケ
3202,1,ダイトウボウ
3204,1,トーア紡
3205,1,ダイドー
3221,1,ヨシックス
3222,1,ＵＳＭＨ
3223,j,ＳＬＤ
3224,m,Ｇオイスター
3226,2,アコモＦ
3227,2,ＭＣＵＢＳ
3228,1,三栄建築
3231,1,野村不ＨＤ
3232,1,三重交通ＨＤ
3234,2,森ヒルズ
3236,j,プロパスト
3237,m,イントランス
3238,2,セントラル総
3241,2,ウィル
3242,j,アーバネット
3244,1,サムティ
3245,1,ディアライフ
3246,1,コーセーＲＥ
3248,2,アールエイジ
3249,2,産業ファ
3252,1,日商開
3254,1,プレサンス
3261,m,グラン
3264,j,アスコット
3266,j,ファンドクリ
3267,1,フィルＣ
3269,2,ＡＤＲ
3271,1,グロバル社
3275,1,ハウスコム
3276,1,日本管理
3277,1,サンセイＬ
3278,2,ケネディレジ
3279,2,ＡＰＩ
3280,1,エストラスト
3281,2,ＧＬＰ
3282,2,コンフォリア
3283,2,プロロジ
3284,1,フージャース
3286,m,トラストＨＤ
3287,2,星野リゾート
3288,1,オプンハウス
3289,1,東急不ＨＤ
3290,2,Ｏｎｅリート
3291,1,飯田ＧＨＤ
3292,2,イオンリート
3293,j,アズマハウス
3294,1,イーグランド
3295,2,ヒュリックＲ
3296,2,日本リート
3297,j,東武住販
3298,2,インベスコ
3299,1,ムゲンエステ
3300,m,ＡＭＢＩＴＩ
3302,1,帝繊維
3306,2,日製麻
3309,2,積水ハウスＲ
3315,1,日本コークス
3316,j,東日システム
3317,j,フライングＧ
3319,1,ＧＤＯ
3320,2,クロスプラス
3321,1,ミタチ産業
3322,j,アルファＧ
3323,j,レカム
3326,j,ランシステム
3328,1,ＢＥＥＮＯＳ
3329,j,東和フード
3333,1,あさひ
3341,1,日本調剤
3344,j,ワンダーＣｏ
3347,2,トラスト
3349,1,コスモス薬
3350,j,ＲＥＤ
3352,j,バッファロー
3353,j,メディ一光Ｇ
3355,2,クリヤマＨＤ
3356,j,テリロジー
3358,j,ＹＳフード
3359,m,ｃｏｔｔａ
3360,1,シップＨＤ
3361,1,トーエル
3370,j,フジタコーポ
3371,1,ソフトクリＨ
3372,2,関門海
3374,j,内外テック
3375,j,ＺＯＡ
3376,1,オンリー
3377,2,バイク王
3382,1,７＆ｉＨＤ
3386,j,コスモバイオ
3387,1,クリレスＨＤ
3388,1,明治電機
3390,j,ＩＮＥＳＴ
3391,1,ツルハＨＤ
3392,1,デリカＦＨ
3393,1,スタティアＨ
3395,1,サンマルクＨ
3396,1,フェリシモ
3397,1,トリドールＨ
3399,j,山岡家
3401,1,帝人
3402,1,東レ
3405,1,クラレ
3407,1,旭化成
3408,1,サカイオーベ
3409,2,北日紡
3415,1,ＴＢＡＳＥ
3416,m,ピクスタ
3417,j,大木ヘルス
3418,m,バルニバービ
3420,2,ＫＦＣ
3421,1,稲葉製作
3423,j,エスイー
3424,j,ミヤコ
3426,j,アトムリビン
3431,1,宮地エンジ
3433,1,トーカロ
3434,1,アルファＣｏ
3435,2,サンコテクノ
3436,1,ＳＵＭＣＯ
3437,j,特殊電極
3439,j,三ツ知
3440,2,日創プロ
3441,j,山王
3443,1,川田ＴＥＣＨ
3444,j,菊池製作所
3445,1,ＲＳＴＥＣＨ
3446,m,ＪＴＥＣ
3447,1,信和
3449,2,テクノフレ
3451,2,トーセイＲ
3452,1,ビーロット
3453,2,ケネディ商業
3454,1,Ｆブラザーズ
3455,2,ＨＣＭ
3457,1,ハウスドゥ
3458,1,ＣＲＥ
3459,2,サムティレジ
3461,m,パルマ
3462,2,ＮＭＦ
3463,2,いちごホテル
3464,1,プロパティＡ
3465,1,ＫＩスター不
3466,2,ラサールロジ
3467,1,アグレ都市
3468,2,スターアジア
3469,2,デュアルタプ
3470,2,マリモリート
3471,2,三井不ロジ
3472,2,大江戸温泉
3473,2,さくら総合
3474,m,ＧＦＡＣ
3475,1,グッドコムＡ
3476,2,投資みらい
3477,m,Ｆライフ
3478,2,森トラホテル
3479,m,ＴＫＰ
3480,1,ＪＳＢ
3481,2,三菱地所物流
3482,m,ロードスター
3484,1,テンポイノベ
3486,1,ＧＬＭ
3487,2,ＣＲＥロジ
3488,2,ザイマックス
3489,m,フェイスＮＷ
3490,j,アズ企画
3491,m,ＧＡＴＥＣＨ
3492,2,タカラリート
3493,2,ＩＡＬ
3494,j,マリオン
3495,j,香陵住販
3496,m,アズーム
3497,m,リーガル不
3498,m,霞ヶ関キャピ
3501,1,住江織
3512,1,フエルト
3513,1,イチカワ
3515,j,フジコー
3521,1,エコナクＨＤ
3524,1,日東網
3526,1,芦森工
3528,2,プロスペクト
3529,1,アツギ
3536,j,アクサスＨＤ
3537,j,昭栄薬品
3538,1,ウイルプラス
3539,1,ＪＭＨＤ
3540,j,歯愛メディ
3541,m,農業総合研
3542,m,ＶＥＧＡ
3543,1,コメダ
3544,1,サツドラＨＤ
3546,1,アレンザＨＤ
3547,1,串カツ田中
3548,1,バロック
3549,1,クスリアオキ
3550,m,Ｓアタオ
3551,1,ダイニク
3553,1,共和レザ
3556,m,リネットＪ
3557,m,Ｕ＆Ｃ
3558,m,ロコンド
3559,1,ピーバン
3560,j,ほぼ日
3561,1,力の源ＨＤ
3562,j,Ｎｏ．１
3563,1,スシローＧＨ
3564,1,ＬＩＸＩビバ
3565,1,アセンテック
3566,m,ユニフォムＮ
3569,1,セーレン
3571,1,ソトー
3577,1,東海染工
3578,2,倉庫精
3580,1,小松マテレ
3583,2,オーベクス
3591,1,ワコールＨＤ
3593,1,ホギメディ
3597,2,自重堂
3598,2,山喜
3600,2,フジックス
3604,2,川本産業
3607,1,クラウディＨ
3608,1,ＴＳＩＨＤ
3611,1,マツオカ
3612,1,ワールド
3622,m,ネットイヤー
3623,m,ビリングＳ
3624,m,アクセルＭ
3625,j,テックファム
3626,1,ＴＩＳ
3627,1,ネオス
3628,m,データＨＲ
3630,1,電算システム
3632,1,グリー
3633,2,ＧＭＯペパボ
3634,m,ソケッツ
3635,1,コーエテクモ
3636,1,三菱総研
3639,1,ボルテージ
3640,1,電算
3641,j,パピレス
3645,m,メディカルＮ
3646,m,駅探
3647,2,ジースリーＨ
3648,1,ＡＧＳ
3649,1,ファインＤ
3652,m,ＤＭＰ
3653,m,モルフォ
3655,1,ブレインＰ
3656,1,ＫＬａｂ
3657,1,ポールＨＤ
3658,1,イーブック
3659,1,ネクソン
3660,1,アイスタイル
3661,1,エムアップＨ
3662,1,エイチーム
3663,2,アートスパク
3664,m,モブキャスＨ
3665,1,エニグモ
3666,1,テクノスＪ
3667,1,ｅｎｉｓｈ
3668,1,コロプラ
3670,j,協立情報通信
3671,m,ソフトＭＡＸ
3672,1,オルトプラス
3673,1,ブロドリーフ
3674,m,オークファン
3675,1,クロスマーケ
3676,1,デジハＨＤ
3677,1,システム情報
3678,1,メディアドゥ
3679,1,じげん
3680,m,ホットリンク
3681,1,Ｖキューブ
3682,1,エンカレッジ
3683,1,サイバーＬ
3686,1,ＤＬＥ
3687,1,Ｆスターズ
3688,1,ＣＡＲＴＡＨ
3689,m,イグニス
3690,m,イルグルム
3691,m,Ｒワールド
3692,m,ＦＦＲＩ
3694,1,オプティム
3695,m,ＧＭＯリサチ
3696,1,セレス
3697,1,ＳＨＩＦＴ
3698,m,ＣＲＩＭＷ
3708,1,特種東海
3710,j,ジョルダン
3712,2,情報企画
3719,j,ジェクシード
3723,m,ファルコム
3726,2,フォーシーズ
3727,m,ＡＰＬＩＸ
3733,j,ソフトウェア
3738,1,ティーガイア
3741,1,セック
3744,2,サイオス
3747,2,インタトレド
3750,2,ＦＲＡＣＴＡ
3751,1,日本アＧ
3753,2,フライト
3758,j,アエリア
3760,j,ケイブ
3762,1,テクマト
3763,1,プロシップ
3765,1,ガンホー
3766,j,システムズＤ
3768,2,リスクモンス
3769,1,ＧＭＯＰＧ
3770,1,ザッパラス
3771,1,Ｓリサーチ
3772,2,ウェルス
3773,m,ＡＭＩ
3774,1,ＩＩＪ
3776,j,ＢＢタワー
3777,j,ＦＨＴＨＤ
3778,1,さくら
3779,j,ＪエスコムＨ
3782,m,ＤＤＳ
3784,1,ヴィンクス
3787,2,テクノマセ
3788,1,ＧＭＯクラ
3791,j,ＩＧポート
3793,m,ドリコム
3796,2,いい生活
3798,j,ＵＬＳグルプ
3799,2,キーウェア
3800,j,ユニリタ
3802,j,エコミック
3803,j,イメージ情報
3804,j,システムＤ
3807,j,フィスコ
3810,2,サイバーＳ
3814,j,アルファクス
3815,m,メディア
3816,j,大和コン
3817,1,ＳＲＡＨＤ
3823,2,アクロディア
3825,2,リミックス
3826,1,ＳＩ
3834,1,朝日ネット
3835,1,ｅＢＡＳＥ
3836,1,アバント
3837,1,アドソル
3839,2,ＯＤＫ
3840,2,パス
3841,j,ジーダット
3842,j,ネクストＧ
3843,1,フリービット
3844,1,コムチュア
3845,j,アイフリーク
3847,j,パシフィクＳ
3848,j,データアプリ
3850,2,ＮＴＴＤＩＭ
3851,j,日本一Ｓ
3852,1,サイバーコム
3853,1,アステリア
3854,1,アイル
3856,2,Ａｂａｌａｎ
3857,j,ラック
3858,j,ユビキタＡＩ
3861,1,王子ＨＤ
3863,1,日本紙
3864,1,三菱紙
3865,1,北越コーポ
3877,1,中越パ
3878,1,巴川紙
3880,1,大王紙
3891,j,高度紙
3892,j,岡山製紙
3895,j,ハビックス
3896,1,阿波製紙
3900,m,クラウドＷ
3901,1,Ｍラインズ
3902,1,ＭＤＶ
3903,1,ｇｕｍｉ
3904,m,カヤック
3905,m,Ｄセクション
3906,m,ＡＬＢＥＲＴ
3907,m,シリコンＳ
3908,m,コラボス
3909,1,ショーケース
3910,j,ＭＫシステム
3911,m,Ａｉｍｉｎｇ
3912,1,モバファク
3913,m,ｓＭｅｄｉｏ
3914,m,ＪＩＧＳＡＷ
3915,1,テラスカイ
3916,1,ＤＩＴ
3917,m,アイリッジ
3918,1,ＰＣＩＨＤ
3919,1,パイプドＨＤ
3920,1,アイビーシー
3921,1,ネオジャパン
3922,1,ＰＲＴＩＭＥ
3923,m,ラクス
3924,1,ランドＣ
3925,1,ダブルスタン
3926,1,オープンドア
3927,m,フーバーＢ
3928,1,マイネット
3929,m,Ｓワイヤー
3930,m,はてな
3931,m,バリュゴルフ
3932,1,アカツキ
3933,j,チエル
3934,1,ベネフィット
3935,m,エディア
3936,m,グロバウェイ
3937,1,Ｕｂｉｃｏｍ
3938,1,ＬＩＮＥ
3939,1,カナミックＮ
3940,1,ノムラシス
3941,1,レンゴー
3944,2,古林紙
3945,2,スパバッグ
3946,1,トーモク
3947,2,ダイナパック
3948,j,光ビジ
3950,1,ザパック
3951,2,朝日印刷
3953,j,大村紙業
3954,j,ＰＡＸＸＳ
3955,2,イムラ封筒
3956,j,国際チャート
3960,m,バリューＤ
3961,m,シルバエッグ
3962,1,チェンジ
3963,1,シンクロＦ
3964,1,オークネット
3965,2,ＣＡＰ
3966,m,ユーザベース
3967,m,エルテス
3968,1,セグエ
3969,1,エイトレッド
3970,m,イノベション
3974,j,ＴＢＣＳＣＡ
3975,1,ＡＯＩＴＹＯ
3976,m,シャノン
3978,1,マクロミル
3979,m,うるる
3981,1,ビーグリー
3983,1,オロ
3984,1,ユーザーＬ
3985,1,テモナ
3986,m,ビーブレイク
3987,m,エコモット
3988,j,ＳＹＳＨＤ
3989,m,シェアＲＴ
3990,m,ＵＵＵＭ
3991,m,ウォンテッド
3992,1,ニーズウェル
3993,m,ＰＫＳＨＡ
3994,m,Ｍフォワード
3995,m,ＳＫＩＹＡＫ
3996,1,サインポスト
3997,j,トレドワクス
3998,m,すららネット
3999,m,ナレッジＳ
4004,1,昭電工
4005,1,住友化
4008,1,住友精化
4021,1,日産化
4022,1,ラサ工
4023,1,クレハ
4025,1,多木化
4026,2,神島化工
4027,1,テイカ
4028,1,石原産
4031,1,片倉コープ
4041,1,日曹達
4042,1,東ソー
4043,1,トクヤマ
4044,1,セ硝子
4045,1,東合成
4046,1,大阪ソーダ
4047,1,関電化
4052,m,フィーチャ
4061,1,デンカ
4062,1,イビデン
4063,1,信越化
4064,1,カーバイド
4078,1,堺化学
4080,j,田中化研
4082,1,稀元素
4088,1,エアウォータ
4091,1,大陽日酸
4092,1,日本化
4093,1,アセチレン
4094,2,日化産
4095,1,パカライ
4097,1,高圧ガス
4098,1,チタン工
4099,1,四国化
4100,1,戸田工
4102,2,丸尾カ
4107,2,伊勢化
4109,1,ステラケミフ
4112,1,保土谷化
4113,2,田岡化
4114,1,日触媒
4115,2,本州化
4116,1,大日精化
4118,1,カネカ
4119,2,ピグメント
4120,2,スガイ化
4124,j,大阪油化工業
4151,1,協和キリン
4182,1,菱ガス化
4183,1,三井化学
4185,1,ＪＳＲ
4186,1,東応化
4187,1,大有機化
4188,1,三菱ケミＨＤ
4189,1,ＫＨネオケム
4202,1,ダイセル
4203,1,住友ベ
4204,1,積水化
4205,1,ゼオン
4206,1,アイカ工
4208,1,宇部興
4212,1,積樹脂
4215,1,タキロンＣＩ
4216,1,旭有機材
4218,1,ニチバン
4220,1,リケンテクノ
4221,1,大倉工
4222,2,児玉化
4224,2,ロンシル
4228,1,積化成
4229,1,群栄化
4231,1,タイガーポリ
4234,j,サンエー化研
4235,j,ＵＦＨＤ
4237,j,フジプレアム
4238,1,ミライアル
4240,j,クラスターＴ
4241,j,アテクト
4242,j,タカギセイコ
4243,j,ニックス
4245,1,ダイキアクシ
4246,1,ＤＮＣ
4248,1,竹本容器
4249,1,森六
4251,2,恵和
4272,1,日化薬
4274,j,細谷火工
4275,1,カーリットＨ
4282,1,ＥＰＳ
4284,1,ソルクシーズ
4286,1,レッグス
4287,j,ジャストプラ
4288,j,アズジェント
4290,1,ＰＩ
4293,j,セプテーニＨ
4295,1,フェイス
4298,1,プロトコーポ
4299,1,ハイマックス
4301,1,アミューズ
4304,j,Ｅストアー
4307,1,ＮＲＩ
4308,m,Ｊストリーム
4310,1,ドリームＩ
4312,1,サイバネット
4316,j,ビーマップ
4317,j,レイ
4318,1,クイック
4319,1,ＴＡＣ
4320,1,ＣＥＨＤ
4321,1,ケネディクス
4323,1,日シス技術
4324,1,電通グループ
4326,1,インテージＨ
4327,j,ＳＨＬ
4331,1,Ｔ＆Ｇニーズ
4333,1,東邦システム
4334,j,ユークス
4335,j,ＩＰＳ
4336,j,クリエアナブ
4337,1,ぴあ
4341,2,西菱電機
4342,2,セコム上
4343,1,イオンファン
4344,1,ソースネクス
4345,1,ＣＴＳ
4346,1,ネクシィーズ
4347,j,ブロメディア
4348,1,インフォコム
4350,1,メディシス
4351,j,山田債権
4355,j,ロングライフ
4356,j,応用技術
4361,2,川口化
4362,1,日精化
4364,2,マナック
4365,j,松本油脂
4366,2,ダイトーケミ
4367,2,広栄化学工
4368,1,扶桑化学
4369,1,トリケミカル
4380,m,Ｍマート
4381,m,ビープラッツ
4382,1,ＨＥＲＯＺ
4384,1,ラクスル
4385,m,メルカリ
4386,2,ＳＩＧ
4387,m,ＺＵＵ
4388,m,エーアイ
4389,m,プロパティＤ
4390,m,ｉｐｓ
4391,m,ロジザード
4392,1,ＦＩＧ
4393,m,バンクイノベ
4394,m,Ｅモーション
4395,m,アクリート
4396,1,システムサポ
4397,m,チームスピリ
4398,j,ＢＢＳｅｃ
4399,m,くふうＣ
4401,1,ＡＤＥＫＡ
4403,1,日油
4404,1,ミヨシ油
4406,1,新日理化
4409,2,東邦化
4410,1,ハリマ化成Ｇ
4420,1,イーソル
4421,j,ＤＩシステム
4422,m,ＶＡＬＵＥＮ
4423,1,アルテリア
4424,m,Ａｍａｚｉａ
4425,m,Ｋｕｄａｎ
4427,m,ＥｄｕＬａｂ
4428,m,シノプス
4429,m,リックソフト
4430,1,東海ソフト
4431,m,スマレジ
4433,1,ヒトコムＨＤ
4434,m,サーバーＷ
4435,m,カオナビ
4436,m,ミンカブ
4437,m,ＧＤＨ
4438,m,Ｗｅｌｂｙ
4439,m,東名
4440,m,ヴィッツ
4441,1,トビラＳ
4442,m,バルテス
4443,m,Ｓａｎｓａｎ
4444,m,インフォＮ
4445,m,リビンテクノ
4446,m,ＬｉｎｋＵ
4448,m,Ｃｈａｔｗ
4449,m,ギフティ
4450,m,ＰＳＯＬ
4452,1,花王
4461,1,一工薬
4462,1,石原ケミカル
4463,1,日華化
4464,2,ソフト９９
4465,1,ニイタカ
4471,1,三洋化
4475,m,ＨＥＮＮＧＥ
4476,m,ＡＩＣＲＯＳ
4477,m,ＢＡＳＥ
4478,m,フリー
4479,m,マクアケ
4480,m,メドレー
4481,2,ベース
4482,m,ウィルズ
4483,m,ＪＭＤＣ
4484,m,ランサーズ
4485,m,ＪＴＯＷＥＲ
4486,m,ユナイトＧ
4487,m,スペスマーケ
4488,m,ＡＩインサイ
4490,m,ビザスク
4491,j,Ｃマネージ
4492,j,ゼネテック
4493,m,Ｓセキュリ
4497,m,ロコガイド
4502,1,武田薬
4503,1,アステラス薬
4506,1,大日住薬
4507,1,塩野義薬
4512,1,わかもと
4514,1,あすか薬
4516,1,日本新薬
4517,1,ビオフェル
4519,1,中外薬
4521,1,科研薬
4523,1,エーザイ
4524,2,仁丹
4526,1,理ビタ
4527,1,ロート
4528,1,小野薬
4530,1,久光薬
4531,1,有機薬
4534,1,持田薬
4536,1,参天薬
4538,1,扶桑薬
4539,1,ケミファ
4540,1,ツムラ
4541,1,日医工
4543,1,テルモ
4544,1,みらかＨＤ
4547,1,キッセイ薬
4548,1,生化学
4549,1,栄研化
4550,1,日水薬
4551,1,鳥居薬
4552,1,ＪＣＲファマ
4553,1,東和薬品
4554,1,富士製薬
4555,1,沢井製薬
4556,j,カイノス
4557,j,医学生物
4558,j,中京医薬
4559,1,ゼリア新薬
4563,m,アンジェス
4564,m,ＯＴＳ
4565,m,そーせい
4568,1,第一三共
4569,1,キョーリンＨ
4570,j,免疫生物研究
4571,m,ナノキャリア
4572,j,カルナバイオ
4574,1,大幸薬品
4575,m,キャンバス
4576,j,ＤＷＴＩ
4577,1,ダイト
4578,1,大塚ＨＤ
4579,j,ラクオリア薬
4581,1,大正薬ＨＤ
4582,j,シンバイオ薬
4583,m,カイオム
4584,m,ＧＴＳ
4586,m,メドレックス
4587,1,ペプチドリム
4588,m,オンコリスＢ
4591,m,リボミック
4592,m,サンバイオ
4593,m,ヘリオス
4594,m,ブライトパス
4595,2,ミズホメディ
4596,m,窪田製薬
4597,m,ソレイジア
4598,m,ＤｅｌｔａＦ
4599,m,ステムリム
4611,1,大日塗
4612,1,日ペイントＨ
4613,1,関西ペ
4615,1,神東塗
4616,2,川上塗
4617,1,中国塗
4619,1,日特塗
4620,1,藤倉化
4621,2,ロックペイン
4623,2,アサヒペ
4624,2,イサム塗
4625,j,アトミクス
4626,1,太陽ＨＤ
4627,j,ナトコ
4628,j,エスケー化研
4629,j,大伸化学
4631,1,ＤＩＣ
4633,1,サカタインク
4634,1,洋インキＨＤ
4635,2,東インキ
4636,1,Ｔ＆Ｋ
4640,j,アンドール
4641,1,アルプス技
4642,2,オリジナル設
4644,j,イマジニア
4645,j,市進ＨＤ
4650,j,ＳＤエンター
4651,1,サニックス
4653,1,ダイオーズ
4657,j,環境管理
4658,1,日本空調
4659,j,エイジス
4661,1,ＯＬＣ
4662,1,フォーカス
4664,j,ＲＳＣ
4665,1,ダスキン
4666,1,パーク２４
4667,j,アイサンテク
4668,1,明光ネット
4669,j,ニッパンＲ
4671,1,ファルコＨＤ
4673,j,川崎地質
4674,1,クレスコ
4676,1,フジＨＤ
4678,1,秀英
4679,1,田谷
4680,1,ラウンドワン
4681,1,リゾートトラ
4684,1,オービック
4685,j,菱友システム
4686,1,ジャスト
4687,1,ＴＤＣソフト
4689,1,ＺＨＤ
4690,j,日パレット
4691,2,ワシントンＨ
4694,1,ＢＭＬ
4696,1,ワタベ
4699,j,ウチダエスコ
4704,1,トレンド
4705,j,クリップ
4707,j,キタック
4708,1,りらいあ
4709,1,ＩＤＨＤ
4712,j,ＫｅｙＨ
4714,1,リソー教育
4716,1,日本オラクル
4718,1,早稲アカ
4719,1,アルファシス
4720,j,城南進研
4722,1,フューチャー
4725,1,ＣＡＣＨ
4726,1,ＳＢテクノ
4728,1,トーセ
4732,1,ＵＳＳ
4733,1,ＯＢＣ
4734,j,ビーイング
4735,2,京進
4736,j,日本ラッド
4739,1,ＣＴＣ
4743,1,ＩＴＦＯＲ
4745,1,東京個別
4746,1,東計電算
4748,j,構造計画
4750,2,ダイサン
4751,1,サイバー
4752,j,昭和シス
4754,j,トスネット
4755,1,楽天
4760,j,アルファ
4761,2,さくらＫＣＳ
4762,1,ＸＮＥＴ
4763,1,Ｃ＆Ｒ社
4764,j,ＳＡＭＵＲＡ
4765,j,Ｍスター
4766,2,ピーエイ
4767,1,ＴＯＷ
4768,1,大塚商会
4769,j,インフォクリ
4770,2,エルミック
4771,j,Ｆ＆Ｍ
4772,j,ストリームＭ
4776,1,ＣＹＢＯＺＵ
4777,j,ガーラ
4779,1,ソフトブレン
4781,2,日本ハウズ
4783,j,日ダイナミク
4784,j,ＧＭＯＡＰ
4792,1,山田コンサル
4800,j,オリコン
4801,1,セントラルＳ
4809,1,パラカ
4812,1,ＩＳＩＤ
4813,1,ＡＣＣＥＳＳ
4814,j,ネクスウェア
4816,j,東映アニメ
4819,1,Ｄガレージ
4820,1,ＥＭシステム
4824,m,メディアＳ
4825,1,ＷＮＩウェザ
4826,1,ＣＩＪ
4828,1,ビジネスＥ
4829,1,日本エンタ
4832,2,ＪＦＥ?ＳＩ
4833,j,ぱど
4837,j,シダックス
4838,j,Ｓシャワー
4839,1,ＷＯＷＯＷ
4840,j,トライアイズ
4845,1,スカラ
4847,1,ＩＷＩ
4848,1,フルキャスＨ
4849,1,エンジャパン
4875,j,メディシノバ
4880,m,セルソース
4901,1,富士フイルム
4902,1,コニカミノル
4911,1,資生堂
4912,1,ライオン
4914,1,高砂香
4917,1,マンダム
4918,j,アイビー
4919,1,ミルボン
4920,j,日本色材
4921,1,ファンケル
4922,1,コーセー
4923,1,コタ
4925,j,ＨＡＢＡ
4926,1,シーボン
4927,1,ポーラオルＨ
4928,1,ノエビアＨＤ
4929,1,アジュバン
4931,m,新日本製薬
4951,1,エステー
4952,2,ＳＤＳバイオ
4955,1,アグロカネシ
4956,1,コニシ
4957,2,ヤスハラ
4958,1,長谷川香
4960,2,ケミプロ
4962,2,互応化学
4963,1,星光ＰＭＣ
4966,2,上村工
4967,1,小林製薬
4968,1,荒川化学
4970,j,東洋合成
4971,1,メック
4972,j,綜研化学
4973,1,高純度化
4974,1,タカラＢＩＯ
4975,1,ＪＣＵ
4976,j,ドライルーブ
4977,1,新田ゼラチン
4978,j,リプロセル
4979,1,ＯＡＴアグリ
4980,1,デクセリアル
4985,1,アース製薬
4987,2,寺岡製
4990,2,昭和化
4992,1,北興化
4994,1,大成ラミック
4996,1,クミアイ
4997,1,日農薬
4998,2,フマキラ
4999,2,セメダイン
5008,2,東亜石
5009,1,富士興
5010,2,日精蝋
5011,1,ニチレキ
5013,1,ユシロ化
5015,1,ＢＰカストロ
5017,1,富士石油
5018,1,ＭＯＲＥＳＣ
5019,1,出光興産
5020,1,ＥＮＥＯＳ
5021,1,コスモエネＨ
5070,m,ドラフト
5071,m,ヴィス
5101,1,浜ゴム
5103,2,昭和ＨＤ
5104,2,日東化工
5105,1,ＴＯＹＯ
5108,1,ブリヂス
5110,1,住友ゴム
5121,1,藤コンポ
5122,1,オカモト
5142,1,アキレス
5161,2,西川ゴム
5162,j,朝日ラバー
5184,2,ニチリン
5185,1,フコク
5186,1,ニッタ
5187,1,クリエート
5189,2,桜ゴム
5191,1,住友理工
5192,1,三星ベ
5194,2,相模ゴム
5195,1,バンド化
5199,j,不二ラテ
5201,1,ＡＧＣ
5202,1,板硝子
5204,1,石塚硝
5208,1,有沢製
5210,1,日山村硝
5212,j,不二硝
5214,1,日電硝子
5216,j,倉元
5217,j,テクノクオツ
5218,1,オハラ
5232,1,住友大阪
5233,1,太平洋セメ
5237,2,ノザワ
5261,1,リソル
5262,1,日ヒュム
5268,2,旭コン
5269,1,日コンクリ
5271,2,トーヨアサノ
5273,1,三谷セキ
5277,j,スパンクリト
5279,j,日本興業
5280,j,ヨシコン
5282,2,ジオスター
5283,j,高見沢
5284,j,ヤマウ
5285,j,ヤマックス
5287,2,イトーヨギョ
5288,1,アジアパイル
5290,2,ベルテクス
5301,1,東海カ
5302,1,カーボン
5304,2,ＳＥＣカボン
5310,1,東洋炭素
5331,1,ノリタケ
5332,1,ＴＯＴＯ
5333,1,ガイシ
5334,1,特殊陶
5337,1,ダントーＨＤ
5341,2,アサヒ陶
5344,1,ＭＡＲＵＷＡ
5351,1,品川リフラ
5352,1,黒崎播磨
5355,2,ルツボ
5357,1,ヨータイ
5358,1,イソライト
5363,1,ＴＹＫ
5367,1,ニッカトー
5368,2,日インシュレ
5380,j,新東
5381,j,Ｍｉｐｏｘ
5384,1,ＦＵＪＩＭＩ
5386,2,鶴弥
5387,j,チヨダウーテ
5388,1,クニミネ
5391,1,Ａ＆Ａマテ
5393,1,ニチアス
5395,2,コランダム
5401,1,日本製鉄
5406,1,神戸鋼
5408,1,中山鋼
5410,1,合同鉄
5411,1,ＪＦＥ
5423,1,東製鉄
5440,1,共英製鋼
5444,1,大和工
5445,1,東鉄鋼
5446,2,北越メタル
5449,1,大製鉄
5451,1,淀川鋼
5458,2,高砂鉄
5463,1,丸一管
5464,1,モリ工
5471,1,大同特鋼
5476,1,高周波
5480,1,冶金工
5481,1,山陽特鋼
5482,1,愛知鋼
5484,j,東北鋼
5486,1,日立金
5491,1,日金属
5541,1,大平金
5542,j,新報国鉄
5563,1,新日本電工
5602,1,栗本鉄
5603,1,虹技
5609,2,日鋳造
5610,2,大和重
5612,1,鋳鉄管
5614,2,川金ＨＤ
5631,1,日製鋼
5632,1,菱製鋼
5644,2,メタルアート
5658,1,日亜鋼
5659,1,日精線
5660,2,神鋼線
5690,2,リバーＨＤ
5695,j,パウダテック
5697,2,サンユウ
5698,1,エンビプロＨ
5699,j,イボキン
5702,1,大紀ア
5703,1,日軽金ＨＤ
5704,m,ＪＭＣ
5706,1,三井金
5707,1,東邦鉛
5711,1,三菱マ
5713,1,住友鉱
5714,1,ＤＯＷＡ
5715,1,古河機金
5721,1,Ｓサイエンス
5724,j,アサカ理研
5726,1,大阪チタ
5727,1,邦チタ
5729,2,日精鉱
5741,1,ＵＡＣＪ
5742,j,ＮＩＣ
5753,2,日伸銅
5757,1,ＣＫサンエツ
5781,2,東邦金
5801,1,古河電工
5802,1,住友電工
5803,1,フジクラ
5805,1,昭電線ＨＤ
5807,1,東特線
5809,1,タツタ線
5816,2,オーナンバ
5817,2,ＪＭＡＣＳ
5819,1,カナレ電気
5820,j,三ッ星
5821,1,平河ヒューテ
5851,1,リョービ
5852,1,アーレスティ
5856,2,ＬＩＥＨ
5857,1,アサヒＨＤ
5900,j,ダイケン
5901,1,洋缶ＨＤ
5902,1,ホッカンＨＤ
5903,j,ＳＨＩＮＰＯ
5905,2,日カン
5906,j,エムケー精工
5907,2,ＪＦＥコンテ
5909,1,コロナ
5911,1,横河ブＨＤ
5912,1,ＯＳＪＢＨＤ
5915,1,駒井ハルテク
5918,2,滝上工
5921,2,川岸工
5922,2,那須鉄
5923,1,高田機工
5928,2,アルメタック
5929,1,三和ＨＤ
5930,1,文化シヤタ
5932,1,三協立山
5933,1,アルインコ
5935,j,元旦
5936,1,洋シヤター
5938,1,ＬＩＸＩＬＧ
5939,j,大谷工業
5940,2,不二サッシ
5941,2,中西製
5942,1,フイルコン
5943,1,ノーリツ
5945,j,天龍製鋸
5946,1,長府製
5947,1,リンナイ
5949,1,ユニプレス
5950,2,パワファス
5951,1,ダイニチ工
5952,2,アマテイ
5955,2,ヤマシナ
5956,2,トーソー
5957,1,日東精
5958,1,三洋工
5959,1,岡部
5962,2,浅香工
5964,2,洋刃物
5965,2,フジマック
5966,2,ＫＴＣ
5967,2,ＴＯＮＥ
5969,2,ロブテックス
5970,1,ジーテクト
5971,j,共和工業
5973,2,トーアミ
5974,2,中国工
5975,1,東プレ
5976,1,ネツレン
5981,1,東京綱
5982,2,マルゼン
5983,j,イワブチ
5984,2,兼房
5985,1,サンコール
5986,1,モリテック
5987,j,オーネックス
5988,1,パイオラクス
5989,1,エイチワン
5990,j,スパツール
5991,1,ニッパツ
5992,1,中央発條
5994,2,ファインシン
5997,j,協立エアテク
5998,1,アドバネクス
5999,j,イハラサイエ
6005,1,三浦工
6013,1,タクマ
6016,2,Ｊエンジン
6018,2,阪神内
6022,2,赤阪鉄
6023,2,ダイハツディ
6026,m,ＧＭＯテック
6027,m,弁護士コム
6028,1,テクノプロＨ
6029,1,アトラ
6030,m,アドベンチャ
6031,m,サイジニア
6032,1,インタワクス
6033,m,エクストリム
6034,m,ＭＲＴ
6035,1,ＩＲＪＨＤ
6036,1,ＫｅｅＰｅｒ
6037,1,Ｆロジック
6038,m,イード
6039,m,動物高度医療
6040,m,日本スキー
6042,2,ニッキ
6044,1,三機サービス
6045,m,レントラック
6046,m,リンクバル
6047,1,Ｇｕｎｏｓｙ
6048,1,デザインワン
6049,m,イトクロ
6050,1,Ｅガディアン
6054,1,リブセンス
6055,1,Ｊマテリアル
6058,1,ベクトル
6059,1,ウチヤマＨＤ
6060,j,こころネット
6061,j,ユニバ園芸
6062,1,チャームケア
6063,j,ＥＡＪ
6064,m,アクトコール
6065,1,ライクキッズ
6067,m,インパクト
6069,m,トレンダーズ
6070,1,キャリアＬ
6071,1,ＩＢＪ
6072,m,地盤ネットＨ
6073,1,アサンテ
6074,j,ＪＳＳ
6077,1,Ｎフィールド
6078,1,バリューＨＲ
6080,1,Ｍ＆Ａキャピ
6081,m,アライドアキ
6082,1,ライドオンＨ
6083,1,ＥＲＩＨＤ
6085,m,アーキテクツ
6086,m,シンメンテＨ
6087,1,アビスト
6088,1,シグマクシス
6089,1,ウィルＧ
6090,m,ＨＭＴ
6091,2,ウエスコＨＤ
6092,m,エンバイオＨ
6093,1,エスクロＡＪ
6094,m,フリクアウＨ
6095,m,メドピア
6096,m,レアジョブ
6098,1,リクルートＨ
6099,1,エラン
6101,1,ツガミ
6103,1,オークマ
6104,1,芝浦機械
6113,1,アマダ
6118,1,アイダ
6121,1,滝沢鉄
6125,2,岡本工
6131,2,浜井産
6134,1,ＦＵＪＩ
6135,1,牧野フ
6136,1,ＯＳＧ
6137,2,小池酸
6138,1,ダイジヱット
6140,1,旭ダイヤ
6141,1,ＤＭＧ森精機
6143,1,ソディック
6144,2,西部電機
6145,j,ＮＩＴＴＯＫ
6146,1,ディスコ
6147,j,ヤマザキ
6149,j,小田原エン
6150,j,タケダ機械
6151,1,日東工器
6155,2,高松機械
6156,j,エーワン
6157,1,日進工具
6158,j,和井田
6159,j,ミクロン精密
6161,2,エスティック
6164,j,太陽工機
6165,1,パンチ
6166,m,中村超硬
6167,1,冨士ダイス
6171,1,土木管理
6172,m,メタップス
6173,m,アクアライン
6175,1,ネットマーケ
6176,m,ブランジスタ
6177,m,ＡｐｐＢ
6178,1,日本郵政
6180,m,ＧＭＯメディ
6181,m,パートナーＡ
6182,m,ロゼッタ
6183,1,ベル２４ＨＤ
6184,1,鎌倉新書
6185,1,ＳＭＮ
6186,1,一蔵
6187,1,ＬＩＴＡＬＩ
6188,2,富士ソフＳＢ
6189,1,グローバルＫ
6190,m,ＰＸＢ
6191,1,エアトリ
6192,m,ハイアス＆Ｃ
6193,m,バーチャレク
6194,1,アトラエ
6195,m,ホープ
6196,1,ストライク
6197,1,ソラスト
6198,m,キャリア
6199,1,セラク
6200,1,インソース
6201,1,豊田織
6203,1,豊和工
6205,1,ＯＫＫ
6208,1,石川製
6210,1,東洋機械
6217,1,津田駒
6218,1,エンシュウ
6222,1,島精機
6231,2,木村工機
6232,m,ＡＣＳＬ
6233,j,極東産機
6235,1,オプトラン
6236,1,ＮＣＨＤ
6237,1,イワキポンプ
6238,1,フリュー
6239,j,ナガオカ
6240,1,ヤマシンＦ
6245,2,ヒラノテク
6246,2,テクノスマト
6247,1,日阪製
6248,j,横田製作所
6249,j,ＧＣジョイコ
6250,1,やまびこ
6254,2,野村マイクロ
6255,m,エヌピーシー
6257,j,藤商事
6258,1,平田機工
6262,1,ペガサス
6264,1,マルマエ
6265,j,妙徳
6266,1,タツモ
6267,j,ゼネパッカー
6268,1,ナブテスコ
6269,1,三井海洋
6271,2,ニッセイ
6272,1,レオン自機
6273,1,ＳＭＣ
6276,j,ナビタス
6277,1,ホソミクロン
6278,1,ユニオンツル
6279,2,瑞光
6281,j,前田製作
6282,1,オイレス工
6284,1,ＡＳＢ機械
6286,j,静甲
6287,1,サトーＨＤ
6289,1,技研製
6291,1,エアーテック
6292,1,カワタ
6293,1,日精樹脂
6294,1,オカダアイヨ
6297,j,鉱研工業
6298,1,ＹＡＣＨＤ
6299,2,神鋼環境
6301,1,コマツ
6302,1,住友重
6303,2,ササクラ
6305,1,日立建機
6306,1,日工
6307,2,サンセイ
6309,1,巴工業
6310,1,井関農
6312,j,フロイント
6315,1,ＴＯＷＡ
6316,1,丸山製
6317,1,北川鉄
6319,1,シンニッタン
6322,2,タクミナ
6323,1,ローツェ
6324,j,ハーモニク
6325,1,タカキタ
6326,1,クボタ
6327,j,北川精機
6328,1,荏原実業
6330,1,洋エンジ
6331,1,化工機
6332,1,月島機
6333,1,帝国電機
6334,2,明治機
6335,1,東京機
6336,2,石井表記
6337,j,テセック
6338,2,タカトリ
6339,1,新東工
6340,1,渋谷工
6342,2,太平製
6343,2,フリジアマク
6345,1,アイチ
6346,2,キクカワ
6347,j,プラコー
6349,1,小森
6351,1,鶴見製
6355,1,住精密
6356,1,日ギア
6357,2,三精テクノ
6358,1,酒井重
6360,2,東自機
6361,1,荏原
6362,1,石井鉄
6363,1,酉島製
6364,1,北越工
6365,2,電業社
6366,2,千代化建
6367,1,ダイキン
6368,1,オルガノ
6369,1,トヨカネツ
6370,1,栗田工
6371,1,椿本チエ
6373,1,大同工
6376,1,日機装
6378,1,木村化
6379,1,レイズＮ
6380,2,オリチエ
6381,1,アネスト岩田
6382,2,トリニ工
6383,1,ダイフク
6384,j,昭和真空
6387,1,サムコ
6390,1,加藤製
6391,2,加地テク
6392,2,ヤマダコーポ
6393,1,油研工
6395,1,タダノ
6396,2,宇野鉄
6400,j,不二精機
6402,2,兼松エンジ
6403,j,水道機
6405,j,鈴茂器工
6406,1,フジテック
6407,1,ＣＫＤ
6408,j,小倉クラ
6409,1,キトー
6411,j,中野冷機
6412,1,平和
6413,1,理想科学
6414,j,川重冷熱
6416,j,桂川電機
6417,1,ＳＡＮＫＹＯ
6418,1,日金銭
6419,1,マースＧＨＤ
6420,1,フクシマＧ
6424,j,高見サイ
6425,j,ユニバーサル
6428,1,オーイズミ
6430,1,ダイコク電
6432,1,竹内製作
6433,j,ヒーハイスト
6436,1,アマノ
6440,1,ＪＵＫＩ
6444,1,サンデンＨＤ
6445,1,蛇の目
6448,1,ブラザー
6454,1,マックス
6455,1,モリタＨＤ
6457,1,グローリー
6458,1,新晃工
6459,1,大和冷機
6460,1,セガサミーＨ
6461,1,日ピス
6462,1,リケン
6463,1,ＴＰＲ
6464,1,ツバキナカ
6465,1,ホシザキ
6466,2,東亜バル
6467,j,ニチダイ
6469,j,放電精密
6470,1,大豊工業
6471,1,日精工
6472,1,ＮＴＮ
6473,1,ジェイテクト
6474,1,不二越
6479,1,ミネベアＭ
6480,1,トムソン
6481,1,ＴＨＫ
6482,1,ユーシン精機
6484,j,ＫＶＫ
6485,1,前沢給装
6486,1,イーグル
6488,j,ヨシタケ
6489,1,前沢工
6490,1,日ピラ工
6492,2,岡野バル
6493,2,日鍛バル
6494,j,ＮＦＫＨＤ
6495,2,宮入バル
6496,2,中北製
6497,j,ハマイ
6498,1,キッツ
6501,1,日立
6502,2,東芝
6503,1,三菱電
6504,1,富士電機
6505,1,東洋電
6506,1,安川電
6507,1,シンフォニア
6508,1,明電舎
6513,1,オリジン
6516,1,山洋電
6517,1,デンヨー
6518,j,三相電機
6531,m,リファインＶ
6532,1,ベイカレント
6533,1,オーケストラ
6535,1,アイモバイル
6537,m,ＷＡＳＨハウ
6538,1,キャリアイン
6539,1,ＭＳＪＰ
6540,1,船場
6541,1,グレイス
6542,j,ＦＣＨＤ
6543,j,日宣
6544,1,ＪＥＳＨＤ
6545,m,ＩＩＦ
6546,1,フルテック
6547,1,グリーンズ
6548,m,旅工房
6549,j,ＤＭソリュ
6550,m,Ｆｒｉｎｇｅ
6551,1,ツナグＧＨＤ
6552,1,ＧａｍｅＷ
6553,1,ソウルドＯ
6554,m,ＳＵＳ
6555,1,ＭＳコンサル
6556,m,ウェルビー
6557,m,ｇｂＨＤ
6558,m,クックビズ
6560,m,ＬＴＳ
6561,m,ＨＡＮＡＴＪ
6562,m,ジーニー
6563,m,みらいワクス
6564,1,ミダック
6565,j,ＡＢホテル
6566,2,要興業
6567,m,ＳＥＲＩＯＨ
6568,m,神戸天然化学
6569,1,日総工産
6570,2,共和コーポ
6571,1,ＱＢネットＨ
6572,1,ＲＰＡＨ
6573,m,アジャイルＭ
6574,m,コンヴァノ
6575,m,ＨＵＭＡＮＡ
6577,m,ベストワン
6578,2,エヌリンクス
6579,m,ログリー
6580,m,ライトアップ
6584,1,三桜工
6586,1,マキタ
6588,1,東芝テック
6590,1,芝浦
6592,1,マブチ
6594,1,日電産
6597,m,ＨＰＣシス
6615,1,ＵＭＣエレ
6616,1,トレックスＳ
6617,1,東光高岳
6618,m,大泉製
6619,1,Ｗスコープ
6620,1,宮越ＨＤ
6622,1,ダイヘン
6625,j,ＪＡＬＣＯＨ
6626,j,ＳＥＭＩＴＥ
6627,m,テラプロ
6628,j,オンキヨー
6629,j,Ｔホライゾン
6630,1,ヤーマン
6632,1,ＪＶＣＫＷ
6633,2,Ｃ＆ＧＳＹＳ
6634,j,ネクスＧ
6635,j,大日光
6637,j,寺崎電気
6638,1,ミマキエンジ
6639,2,コンテック
6640,1,第一精工
6641,1,日新電
6643,2,戸上電
6644,1,大崎電
6645,1,オムロン
6647,2,森尾電
6648,j,かわでん
6651,1,日東工
6652,1,ＩＤＥＣ
6653,1,正興電機
6654,1,不二電機
6656,2,インスペック
6658,j,シライ電子
6659,j,Ｍリンクス
6662,j,ユビテック
6663,j,太洋工業
6664,j,オプトエレク
6666,j,リバエレテク
6668,2,プラズマ
6670,2,ＭＣＪ
6674,1,ＧＳユアサ
6675,1,サクサ
6676,1,メルコ
6677,j,ＳＫエレク
6678,1,テクノメディ
6694,j,ズーム
6696,m,ピースリー
6698,2,ＶｉＳＣＯＴ
6699,1,ダイヤＨＤ
6701,1,ＮＥＣ
6702,1,富士通
6703,1,ＯＫＩ
6704,1,岩崎通
6706,1,電気興
6707,1,サンケン
6709,2,明星電
6715,1,ナカヨ
6718,1,アイホン
6721,2,ウインテスト
6722,j,Ａ＆Ｔ
6723,1,ルネサス
6724,1,エプソン
6727,1,ワコム
6728,1,アルバック
6730,1,アクセル
6731,2,ピクセラ
6734,j,ニューテック
6736,j,サン電子
6737,1,ＥＩＺＯ
6740,1,ＪＤＩ
6741,1,日信号
6742,1,京三製
6743,2,大同信
6744,1,能美防災
6745,1,ホーチキ
6748,1,星和電
6750,1,エレコム
6752,1,パナソニック
6753,1,シャープ
6754,1,アンリツ
6755,1,富士通ゼ
6757,j,ＯＳＧコーポ
6758,1,ソニー
6762,1,ＴＤＫ
6763,1,帝通工
6768,1,タムラ製
6769,j,ザイン
6770,1,アルプスＡ
6771,1,池上通
6772,2,コスモス
6775,2,ＴＢグループ
6776,2,天昇電
6777,j,ｓａｎｔｅｃ
6778,2,アルチザ
6779,1,日電波
6785,1,鈴木
6786,2,ＲＶＨ
6787,j,メイコー
6788,1,日本トリム
6789,1,ローランドＤ
6794,1,フォスタ
6798,1,ＳＭＫ
6800,1,ヨコオ
6803,1,ティアック
6804,1,ホシデン
6806,1,ヒロセ電
6807,1,航空電子
6809,1,ＴＯＡ
6810,1,マクセルＨＤ
6814,1,古野電
6815,1,ユニデンＨＤ
6817,1,スミダ
6819,j,伊豆シャボテ
6820,1,アイコム
6822,j,大井電気
6823,1,リオン
6824,j,新コスモ
6826,1,本多通信
6832,2,アオイ電子
6834,j,精工技研
6835,2,アライドＨＤ
6836,2,プラット
6837,j,京写
6838,j,多摩川ＨＤ
6839,1,船井電機
6840,j,ＡＫＩＢＡ
6841,1,横河電
6844,1,新電元
6845,1,アズビル
6848,1,東亜ＤＫＫ
6849,1,日本光電
6850,1,チノー
6852,j,テクノセブン
6853,1,共和電
6855,1,電子材料
6856,1,堀場製
6857,1,アドバンテス
6858,1,小野測器
6859,1,エスペック
6861,1,キーエンス
6862,j,ミナトＨＤ
6863,j,ニレコ
6864,j,ＮＦ回路
6866,1,ＨＩＯＫＩ
6867,j,リーダ電子
6869,1,シスメックス
6870,2,フェンオール
6871,1,マイクロニ
6874,j,協立電機
6875,1,メガチップス
6877,1,ＯＢＡＲＡＧ
6879,1,ＩＭＡＧＩＣ
6881,2,キョウデン
6882,2,三社電機
6888,j,アクモス
6890,j,フェローテク
6894,2,パルステック
6897,2,ツインバド
6898,j,トミタ電機
6899,2,ＡＳＴＩ
6901,1,沢藤電
6902,1,デンソー
6904,1,原田工業
6905,1,コーセル
6907,j,ジオマテック
6908,1,イリソ電子
6912,j,菊水電子
6914,1,オプテクスＧ
6915,1,千代田インテ
6916,1,アイオデタ
6918,j,アバール
6919,j,ケル
6920,1,レーザーテク
6923,1,スタンレー
6924,1,岩崎電
6925,1,ウシオ電
6926,1,ＯＫＡＹＡ
6927,1,ヘリオスＨ
6928,1,エノモト
6929,1,日セラミク
6930,j,日本アンテナ
6932,1,遠藤照
6937,1,古河電池
6938,1,双信電機
6941,1,山一電機
6942,j,ソフィアＨＤ
6943,j,ＮＫＫ
6944,j,アイレックス
6945,2,富フロンテク
6946,2,日アビオ
6947,1,図研
6951,1,日電子
6952,1,カシオ
6954,1,ファナック
6955,2,ＦＤＫ
6957,j,芝浦電子
6958,1,日本ＣＭＫ
6960,j,フクダ電
6961,1,エンプラス
6962,1,大真空
6963,1,ローム
6964,2,サンコー
6965,1,ホトニクス
6966,1,三井ハイ
6967,1,新光電工
6969,2,松尾電
6971,1,京セラ
6973,1,協栄産
6976,1,太陽誘電
6977,2,抵抗器
6981,1,村田製
6982,2,リード
6986,1,双葉電子
6988,1,日東電
6989,1,北陸電気工
6993,2,大黒屋
6994,2,指月電
6995,1,東海理化
6996,1,ニチコン
6997,1,ケミコン
6998,2,日タング
6999,1,ＫＯＡ
7003,1,三井Ｅ＆ＳＨ
7004,1,日立造
7011,1,菱重工
7012,1,川重
7013,1,ＩＨＩ
7014,1,名村造
7018,2,内海造
7021,2,ニッチツ
7022,1,サノヤスＨＤ
7030,1,スプリックス
7033,1,ＭＳＯＬ
7034,1,プロレドＰ
7035,1,ａｎｆａｃ
7036,m,ＥＭネットＪ
7037,m,テノＨＤ
7038,m,フロンティＭ
7039,m,ブリッジ
7040,j,サンライフＨ
7041,m,ＣＲＧＨＤ
7042,j,アクセスＧＨ
7043,m,アルー
7044,m,ピアラ
7045,j,ツクイスタフ
7046,m,ＴＤＳＥ
7047,m,ポート
7048,m,ベルトラ
7049,m,識学
7050,m,フロンテアＩ
7057,j,ＮＣＮ
7058,j,共栄ＳＳ
7059,m,コプロＨＤ
7060,1,ギークス
7061,m,日本ホスピス
7062,m,フレアス
7063,m,エードット
7064,m,ハウテレビ
7065,2,ＵＰＲ
7066,m,ピアズ
7067,m,ブランディ
7068,m,フィードＦ
7069,m,サイバーバズ
7070,j,ＳＩＨＤ
7071,j,アンビス
7072,m,インテＭ
7073,m,ジェイック
7074,m,２４７
7077,m,ＡＬｉＮＫ
7078,m,ＩＮＣＬＵＳ
7079,m,ＷＤＢココ
7080,m,スポーツＦ
7081,j,レンティア
7082,m,ジモティー
7083,m,ＡＨＣＧ
7084,m,キッズスマイ
7085,1,カーブスＨＤ
7086,m,きずなＨＤ
7087,2,ウイルテック
7088,1,Ｆエンジニア
7089,m,Ｆスタート
7090,m,リグア
7091,m,ＬＰＦ
7093,m,アディッシュ
7094,m,ＮｅｘＴｏｎ
7095,m,Ｍａｃｂｅｅ
7102,1,日車輌
7105,1,三菱ロジスネ
7122,1,近畿車
7148,1,ＦＰＧ
7150,1,島根銀行
7157,m,ライフネット
7161,1,じもとＨＤ
7162,j,アストマクス
7164,1,全国保証
7167,1,めぶきＦＧ
7169,j,ＮＦＣＨＤ
7172,m,ＪＩＡ
7173,1,東京きらぼし
7175,j,今村証券
7177,j,ＧＭＯＦＨＤ
7180,1,九州ＦＧ
7181,1,かんぽ生命
7182,1,ゆうちょ銀行
7183,m,あんしん保証
7184,1,富山第一銀行
7185,j,ヒロセ通商
7186,1,コンコルディ
7187,1,Ｊリース
7189,1,西日本ＦＨ
7190,1,マーキュリア
7191,1,イントラスト
7192,1,モーゲージＳ
7196,1,Ｃａｓａ
7198,1,アルヒ
7199,1,プレミアＧ
7201,1,日産自
7202,1,いすゞ
7203,1,トヨタ
7205,1,日野自
7208,2,カネミツ
7211,1,三菱自
7212,1,エフテック
7213,1,レシップＨＤ
7214,1,ＧＭＢ
7215,1,ファルテック
7217,j,テイン
7218,j,田中精密
7219,j,ＨＫＳ
7220,1,武蔵精密
7222,1,日産車体
7224,1,新明和
7226,1,極東開
7228,j,デイトナ
7229,j,ユタカ技研
7230,1,日信工業
7231,1,トピー工
7235,2,東ラヂエタ
7236,1,ティラド
7238,1,曙ブレキ
7239,1,タチエス
7240,1,ＮＯＫ
7241,1,フタバ
7242,1,ＫＹＢ
7244,1,市光工
7245,1,大同メタ
7246,1,プレス工
7247,1,ミクニ
7250,1,太平洋工
7251,1,ケーヒン
7254,2,ユニバンス
7255,j,桜井製
7256,1,河西工
7259,1,アイシン精
7261,1,マツダ
7264,j,ＭＵＲＯ
7265,j,エイケン工業
7266,1,今仙電機
7267,1,ホンダ
7268,j,タツミ
7269,1,スズキ
7270,1,ＳＵＢＡＲＵ
7271,1,安永
7272,1,ヤマハ発
7273,2,イクヨ
7274,1,ショーワ
7276,1,小糸製
7277,1,ＴＢＫ
7278,1,エクセディ
7279,2,ハイレックス
7280,1,ミツバ
7282,1,豊田合
7283,1,愛三工
7284,1,盟和産
7287,2,日本精機
7291,1,日本プラスト
7292,2,村上開明
7294,1,ヨロズ
7296,1,ＦＣＣ
7297,j,カーメイト
7298,j,八千代工
7299,2,フジオーゼ
7305,1,新家工
7309,1,シマノ
7313,1,ＴＳテック
7314,j,小田原機
7315,2,ＩＪＴＴ
7317,m,松屋Ｒ＆Ｄ
7320,m,日本リビング
7321,1,関西みらいＦ
7322,1,３３ＦＧ
7323,m,アイペット
7325,m,アイリック
7326,m,ＳＢＩインシ
7327,1,第四北越ＦＧ
7399,j,ナンシン
7408,1,ジャムコ
7412,2,アトム
7413,j,創健社
7414,1,小野建
7416,1,はるやまＨＤ
7417,1,南陽
7419,1,ノジマ
7420,1,佐鳥電機
7421,1,カッパクリエ
7422,j,東邦レマック
7425,j,初穂商事
7426,j,山大
7427,1,エコーＴＤ
7433,1,伯東
7434,j,オータケ
7435,j,ナデックス
7438,1,コンドテック
7442,1,中山福
7443,j,横浜魚類
7444,2,ハリマ共和
7445,1,ライトオン
7446,j,東北化学
7447,1,ナガイレベ
7448,1,ジンズメイト
7450,j,サンデー
7451,1,三菱食品
7453,1,良品計画
7455,1,三城ＨＤ
7456,1,松田産業
7458,1,第一興商
7459,1,メディパル
7460,2,ヤギ
7461,j,キムラ
7462,j,ダイヤ通商
7463,1,アドヴァン
7464,j,セフテック
7466,1,ＳＰＫ
7467,1,萩原電気Ｈ
7472,j,鳥羽洋行
7475,1,アルビス
7476,1,アズワン
7477,j,ムラキ
7480,1,スズデン
7481,1,尾家産業
7482,1,シモジマ
7483,1,ドウシシャ
7486,j,サンリン
7487,1,小津産業
7490,2,日新商
7494,1,コナカ
7500,j,西川計測
7501,j,ティムコ
7502,j,プラザクリ
7504,1,高速
7505,2,扶桑電通
7506,1,ハウスロゼ
7508,1,ＧセブンＨＤ
7509,j,アイエーＧ
7510,1,たけびし
7512,1,イオン北海道
7513,1,コジマ
7514,1,ヒマラヤ
7515,2,マルヨシセン
7516,1,コーナン商
7518,1,ネットワン
7519,j,五洋インテ
7520,1,エコス
7521,j,ムサシ
7522,1,ワタミ
7523,j,アルビバン
7524,1,マルシェ
7525,1,リックス
7527,1,システムソフ
7531,j,清和中央
7532,1,パンパシＩ
7537,1,丸文
7538,2,大水
7539,j,アイナボＨＤ
7544,2,スリーエフ
7545,1,西松屋チェ
7550,1,ゼンショーＨ
7551,j,ウェッズ
7552,1,ハピネット
7554,1,幸楽苑ＨＤ
7555,j,大田花き
7559,j,ＧＦＣ
7561,1,ハークスレイ
7562,2,安楽亭
7564,j,ワークマン
7565,2,萬世電機
7567,j,栄電子
7570,1,橋本総業ＨＤ
7571,j,ヤマノＨＤ
7575,1,日本ライフＬ
7577,j,ＨＡＰｉＮＳ
7578,j,ニチリョク
7581,1,サイゼリヤ
7585,j,かんなん
7587,2,ＰＡＬＴＥＫ
7590,1,タカショー
7593,1,ＶＴＨＤ
7594,1,マルカ
7595,1,アルゴグラ
7596,1,魚力
7597,j,東京貴宝
7599,1,ＩＤＯＭ
7600,1,ＭＤＭ
7601,1,ポプラ
7602,2,カーチスＨＤ
7603,j,マックハウス
7604,2,梅の花
7605,1,フジコーポ
7606,1,Ｕアローズ
7607,1,進和
7608,1,ＳＫジャパン
7609,1,ダイトロン
7610,j,テイツー
7611,1,ハイデ日高
7612,j,Ｎｕｔｓ
7613,1,シークス
7614,j,オーエムツー
7615,1,京都友禅
7616,1,コロワイド
7618,1,ＰＣＤＥＰ
7619,1,田中商事
7621,j,うかい
7623,j,サンオータス
7624,j,ＮａＩＴＯ
7625,2,Ｇダイニング
7628,1,オーハシテク
7630,1,壱番屋
7634,j,星医療
7635,j,杉田エース
7636,j,ハンズマン
7637,1,白銅
7638,j,ＮＡＲＴＨ
7640,1,トップカルチ
7643,j,ダイイチ
7646,1,ＰＬＡＮＴ
7647,2,音通
7649,1,スギＨＤ
7670,2,オーウエル
7671,m,ＡｍｉｄＡＨ
7673,1,ダイコー通産
7674,m,ＮＡＴＴＹ
7676,m,グッドＳ
7677,2,ヤシマキザイ
7678,j,あさくま
7679,1,薬王堂ＨＤ
7681,2,レオクラン
7682,j,浜木綿
7683,m,ダブルエー
7685,m,ＢＵＹＳＥＬ
7686,2,カクヤス
7687,m,ミクリード
7688,j,ミアヘルサ
7689,m,コパ
7701,1,島津製
7702,1,ＪＭＳ
7703,2,川澄化工
7705,2,ＧＬサイエン
7707,m,ＰＳＳ
7709,1,クボテック
7711,j,助川電気
7713,j,シグマ光機
7715,1,長野計器
7716,j,ナカニシ
7717,1,Ｖテク
7718,1,スター精密
7719,2,東京衡機
7721,1,東京計器
7722,j,国際計測
7723,1,愛知時
7725,1,インターアク
7726,2,黒田精
7727,1,オーバル
7729,1,東精密
7730,1,マニー
7731,1,ニコン
7732,1,トプコン
7733,1,オリンパス
7734,1,理計器
7735,1,スクリン
7739,1,キヤノ電子
7740,1,タムロン
7741,1,ＨＯＹＡ
7743,1,シード
7744,1,ノーリツ鋼
7745,1,Ａ＆Ｄ
7746,j,岡本硝子
7747,1,朝日インテク
7748,j,ホロン
7749,j,メディキット
7751,1,キヤノン
7752,1,リコー
7758,2,セコニック
7760,j,ＩＭＶ
7762,1,シチズン時計
7768,2,ジェコー
7769,1,リズム時
7771,j,日本精密
7774,j,Ｊ・ＴＥＣ
7775,1,大研医器
7776,j,セルシード
7777,j,３Ｄマトリク
7779,m,サイバダイン
7780,1,メニコン
7781,j,平山ＨＤ
7782,1,シンシア
7800,j,アミファ
7803,m,ブシロード
7804,m,Ｂ＆Ｐ
7805,j,プリントＮ
7806,m,ＭＴＧ
7807,j,幸和製作所
7808,j,ＣＳランバー
7809,j,壽屋
7810,j,クロスフォー
7811,1,中本パックス
7812,2,クレステック
7813,m,プラッツ
7814,j,日本創発Ｇ
7815,2,東京ボード
7816,1,スノーピーク
7817,1,パラベッド
7818,1,トランザク
7819,1,粧美堂
7820,1,ニホンフラ
7821,1,前田工繊
7822,1,永大産業
7823,1,アトネイチャ
7826,j,フルヤ金属
7827,j,オービス
7829,m,サマンサＪＰ
7831,2,ウイルコＨＤ
7832,1,バンナムＨＤ
7833,1,ＩＦＩＳ
7836,j,アビックス
7837,j,ＲＣコア
7838,1,共立印刷
7839,1,ＳＨＯＥＩ
7840,1,フラベッド
7841,j,遠藤製作
7844,1,マーベラス
7846,1,パイロット
7847,j,グラファイト
7849,j,スターツ出版
7850,j,総合商研
7851,2,カワセＣＳ
7855,j,カーディナル
7856,1,萩原工業
7857,j,セキ
7859,2,アルメディオ
7860,1,エイベックス
7862,1,トッパンＦ
7863,j,平賀
7864,1,フジシール
7865,j,ピープル
7867,1,タカラトミー
7868,1,廣済堂
7869,j,日本フォーム
7871,2,フクビ化工
7872,1,エステールＨ
7873,1,アーク
7874,1,レック
7875,2,竹田印刷
7877,j,永大化工
7878,j,光・彩
7879,2,ノダ
7883,j,サンメッセ
7885,1,タカノ
7886,j,ヤマトインダ
7887,2,南海プライ
7888,1,三光合成
7893,1,プロネクサス
7895,j,中央化学
7896,2,セブン工
7897,1,ホクシン
7898,1,ウッドワン
7899,j,ＭＩＣＳ化学
7901,j,マツモト
7902,j,ソノコム
7905,1,大建工
7906,2,ヨネックス
7908,1,ＫＩＭＯＴＯ
7911,1,凸版
7912,1,大日印
7914,1,共同印
7915,1,ＮＩＳＳＨＡ
7916,1,光村印
7917,1,藤森工業
7918,1,ヴィアＨＤ
7919,2,野崎印
7921,1,ＴＡＫＡＲＡ
7922,j,三光産業
7923,j,トーイン
7925,1,前澤化成
7927,j,ムトー精工
7928,j,旭化学
7931,1,未来工業
7932,j,ニッピ
7936,1,アシックス
7937,1,ツツミ
7938,j,リーガル
7939,j,研創
7940,1,ウェブロック
7942,1,ＪＳＰ
7943,1,ニチハ
7945,2,コマニー
7946,2,光陽社
7947,1,エフピコ
7949,1,小松ウオール
7951,1,ヤマハ
7952,1,河合楽
7953,2,菊水化
7955,1,クリナップ
7956,1,ピジョン
7957,2,フジコピ
7958,1,天馬
7959,1,オリバー
7961,1,兼松サステク
7962,1,キングジム
7963,j,興研
7965,1,象印
7966,1,リンテック
7970,1,信越ポリ
7971,1,東リ
7972,1,イトーキ
7974,1,任天堂
7975,2,リヒトラブ
7976,1,菱鉛筆
7979,1,松風
7980,j,重松製
7981,1,タカラス
7983,2,ミロク
7984,1,コクヨ
7985,2,ネポン
7986,j,日本ＩＳＫ
7987,1,ナカバヤシ
7988,1,ニフコ
7989,1,ブラインド
7990,1,グローブライ
7991,2,マミヤＯＰ
7992,2,セーラ万
7994,1,オカムラ
7995,1,バルカー
7997,2,くろがね工
7999,1,ＭＵＴＯＨＨ
8001,1,伊藤忠
8002,1,丸紅
8005,1,スクロール
8006,2,ユアサフナ
8007,1,高島
8008,1,４ＣＨＤ
8011,1,三陽商
8012,1,長瀬産
8013,1,ナイガイ
8014,1,蝶理
8015,1,豊田通商
8016,1,オンワードＨ
8018,1,三共生興
8020,1,兼松
8022,1,ミズノ
8023,2,大興電通
8025,1,ツカモト
8028,1,ファミマ
8029,1,ルックＨＤ
8030,2,中央魚
8031,1,三井物
8032,1,紙パ商
8035,1,東エレク
8037,1,カメイ
8038,1,東都水
8039,2,築地魚
8040,2,東ソワール
8041,1,ＯＵＧＨＤ
8043,1,スターゼン
8045,j,浜丸魚
8046,2,丸藤パイル
8050,1,セイコーＨＤ
8051,1,山善
8052,1,椿本興
8053,1,住友商
8056,1,ユニシス
8057,1,内田洋
8058,1,三菱商
8059,1,第一実
8060,1,キヤノンＭＪ
8061,1,西華産
8065,1,佐藤商
8066,2,三谷商
8068,1,菱洋エレク
8070,1,東京産
8072,j,出版貿
8074,1,ユアサ商
8075,1,神鋼商
8077,1,トルク
8078,1,阪和興
8079,1,正栄食
8081,1,カナデン
8084,1,菱電商
8085,2,ナラサキ
8086,1,ニプロ
8087,1,フルサト
8088,1,岩谷産
8089,1,ナイス
8090,1,昭光通商
8091,1,ニチモウ
8093,1,極東貿易
8095,1,イワキ
8096,1,兼松エレク
8097,1,三愛石
8098,1,稲畑産
8101,1,クレオス
8103,1,明和産
8104,1,クワザワ
8105,2,堀田丸正
8107,1,キムラタン
8108,1,ヤマエ久野
8111,1,ゴルドウイン
8113,1,ユニチャム
8114,1,デサント
8115,2,ムーンバト
8117,2,中央自
8118,1,キング
8119,j,三栄コーポ
8123,j,川辺
8125,1,ワキタ
8127,1,ヤマトインタ
8129,1,東邦ＨＤ
8130,1,サンゲツ
8131,1,ミツウロコＨ
8132,1,シナネンＨＤ
8133,1,エネクス
8135,2,ゼット
8136,1,サンリオ
8137,1,サンワテクノ
8138,2,三京化
8139,2,ナガホリ
8140,1,リョーサン
8141,1,新光商
8142,1,トーホー
8143,2,ラピーヌ
8144,2,電響社
8147,j,トミタ
8150,1,三信電
8151,1,東陽テク
8152,2,ソマール
8153,1,モスフード
8154,1,加賀電子
8155,1,三益半導
8157,1,都築電
8158,1,ソダニッカ
8159,1,立花エレ
8160,1,木曽路
8163,1,ＳＲＳＨＤ
8165,1,千趣会
8166,1,タカキュー
8167,1,リテールＰ
8168,1,ケーヨー
8173,1,上新電
8174,1,日ガス
8179,1,ロイヤルＨＤ
8181,1,東天紅
8182,1,いなげや
8184,1,島忠
8185,1,チヨダ
8186,j,大塚家具
8194,1,ライフコーポ
8198,2,ＭＶ東海
8200,1,リンガハット
8202,2,ラオックス
8203,1,ＭｒＭａｘＨ
8207,1,テンアライド
8208,j,エンチョー
8209,2,フレンドリー
8214,1,ＡＯＫＩＨＤ
8215,j,銀座山形
8217,1,オークワ
8218,1,コメリ
8219,1,青山商
8225,j,タカチホ
8226,2,理経
8227,1,しまむら
8230,1,はせがわ
8233,1,高島屋
8237,1,松屋
8242,1,Ｈ２Ｏリテイ
8244,1,近鉄百
8247,2,大和
8249,2,テクノアソシ
8252,1,丸井Ｇ
8253,1,クレセゾン
8254,2,さいか屋
8255,1,アクシアル
8256,j,プロルート
8257,j,山陽百
8260,1,井筒屋
8267,1,イオン
8273,1,イズミ
8275,1,フォーバル
8276,1,平和堂
8278,1,フジ
8279,1,ヤオコー
8281,1,ゼビオＨＤ
8282,1,ケーズＨＤ
8283,1,ＰＡＬＴＡＣ
8285,1,三谷産業
8287,2,ＭＶ西日本
8289,1,Ｏｌｙｍｐｉ
8291,1,日産東ＨＤ
8298,j,ファミリー
8301,j,日銀
8303,1,新生銀
8304,1,あおぞら
8306,1,三菱ＵＦＪ
8308,1,りそなＨＤ
8309,1,三住トラスト
8316,1,三井住友
8331,1,千葉銀
8334,1,群馬銀
8336,1,武蔵野銀
8337,1,千葉興銀
8338,1,筑波銀行
8341,1,七十七銀
8342,1,青森銀
8343,1,秋田銀
8344,1,山形銀
8345,1,岩手銀
8346,1,東邦銀
8349,1,東北銀
8350,1,みちのく銀
8354,1,ふくおか
8355,1,静岡銀
8356,1,十六銀
8358,1,スルガ銀
8359,1,八十二銀
8360,1,山梨中銀
8361,1,大垣銀
8362,1,福井銀
8363,1,北国銀
8364,1,清水銀
8365,1,富山銀
8366,1,滋賀銀
8367,1,南都銀
8368,1,百五銀
8369,1,京都銀
8370,1,紀陽銀行
8377,1,ほくほく
8379,1,広島銀
8381,1,山陰合銀
8382,1,中国銀
8383,1,鳥取銀行
8385,1,伊予銀
8386,1,百十四銀
8387,1,四国銀
8388,1,阿波銀
8392,1,大分銀
8393,1,宮崎銀
8395,1,佐賀銀
8397,1,沖縄銀
8399,1,琉球銀
8410,1,セブン銀行
8411,1,みずほ
8416,1,高知銀行
8418,1,山口ＦＧ
8421,2,信金中金
8424,1,芙蓉リース
8425,1,みずほリース
8439,1,東京センチュ
8462,j,ＦＶＣ
8473,1,ＳＢＩ
8508,2,Ｊトラスト
8511,1,日証金
8515,1,アイフル
8518,1,アジア投資
8521,1,長野銀
8522,1,名古屋銀
8524,1,北洋銀行
8527,1,愛知銀
8530,1,中京銀
8537,1,大光銀行
8541,1,愛媛銀
8542,1,トマト銀
8544,1,京葉銀
8550,1,栃木銀
8551,1,北日本銀
8558,1,東和銀
8562,1,福島銀
8563,1,大東銀
8566,1,リコーリス
8570,1,イオンＦＳ
8572,1,アコム
8584,1,ジャックス
8585,1,オリコ
8586,1,日立キャピ
8589,1,アプラスＦ
8591,1,オリックス
8593,1,三菱Ｕリース
8595,1,ジャフコ
8596,1,九州リース
8600,1,トモニＨＤ
8601,1,大和証Ｇ
8604,1,野村
8609,1,岡三
8613,1,丸三証
8614,1,東洋証
8616,1,東海東京
8617,1,光世証
8622,1,水戸証
8624,1,いちよし
8628,1,松井証
8630,1,ＳＯＭＰＯＨ
8697,1,ＪＰＸ
8698,1,マネックスＧ
8699,j,澤田ＨＤ
8700,j,丸八証券
8704,j,トレイダーズ
8705,j,岡藤ＨＤ
8706,1,極東証券
8707,1,岩井コスモ
8708,1,アイザワ証
8709,j,インヴァスト
8713,1,フィデアＨＤ
8714,1,池田泉州
8715,1,アニコムＨＤ
8725,1,ＭＳ＆ＡＤ
8729,1,ソニーＦＨ
8732,1,マネパＧ
8737,2,あかつき本社
8739,1,スパークス
8740,j,フジトミ
8742,1,小林洋行
8746,j,第一商品
8747,j,豊商事
8750,1,第一生命ＨＤ
8766,1,東京海上
8769,1,ＡＲＭ
8771,1,Ｅギャランテ
8772,1,アサックス
8783,j,ＧＦＡ
8789,m,フィンテック
8793,1,ＮＥＣキャピ
8795,1,Ｔ＆ＤＨＤ
8798,1,アドクリ
8801,1,三井不
8802,1,菱地所
8803,1,平和不
8804,1,東建物
8806,1,ダイビル
8818,1,京阪神ビ
8830,1,住友不
8835,1,太平発
8836,j,ＲＩＳＥ
8841,1,テーオーシ
8842,1,楽天地
8844,j,コスモスイニ
8848,1,レオパレス
8850,1,スターツ
8854,2,日住
8860,1,フジ住宅
8864,1,空港施設
8869,1,明和地所
8871,1,ゴールドクレ
8876,1,リログループ
8877,1,エスリード
8881,1,日神ＧＨＤ
8885,j,ラ・アトレ
8886,j,ウッドＦ
8887,j,リベレステ
8889,j,ＡＰＡＭＡＮ
8890,j,レーサム
8891,2,ＭＧホーム
8892,1,日本エスコン
8893,j,新日建物
8894,2,ＲＥＶＯＬＵ
8897,1,タカラレベン
8898,j,センチュ２１
8903,j,サンウッド
8904,1,ＡＶＡＮＴＩ
8905,1,イオンモール
8908,1,毎コムネット
8909,j,シノケンＧ
8912,2,エリア
8914,2,エリアリンク
8917,1,ファースト住
8918,1,ランド
8919,1,カチタス
8920,1,東祥
8922,m,ＪＡＭ
8923,1,トーセイ
8925,2,アルデプロ
8927,j,明豊エンター
8928,1,穴吹興産
8929,2,青山財
8931,2,和田興産
8934,1,サンフロンテ
8935,1,ＦＪネクスト
8938,j,グロームＨＤ
8940,1,インテリクス
8944,1,ランビジネス
8945,1,日本社宅
8946,j,エイシアンＳ
8951,2,日本ビルＦ
8952,2,Ｊリアル
8953,2,リテールＦ
8954,2,オリックスＦ
8955,2,Ｊプライム
8956,2,プレミア
8957,2,東急ＲＥ
8958,2,グロバル
8960,2,ユナイテド
8961,2,森トラスト
8963,2,ＩＮＶ
8964,2,フロンテアＲ
8966,2,平和ＲＥ
8967,2,ニホンロジ
8968,2,福岡リート
8972,2,ケネディＯ
8975,2,いちご
8976,2,大和ＯＦ
8977,2,阪急阪神Ｒ
8979,2,スターツＰＲ
8984,2,ハウスリート
8985,2,ＪＨＲ
8986,2,大和リビング
8987,2,エクセレント
8995,2,誠建設
8999,1,グランディ
9001,1,東武
9003,1,相鉄ＨＤ
9005,1,東急
9006,1,京急
9007,1,小田急
9008,1,京王
9009,1,京成
9010,1,富士急
9012,j,秩父鉄
9014,1,新京成
9017,2,新潟交
9020,1,ＪＲ東日本
9021,1,ＪＲ西日本
9022,1,ＪＲ東海
9024,1,西武ＨＤ
9025,1,鴻池運輸
9028,2,ゼロ
9029,2,ヒガシ２１
9031,1,西鉄
9033,2,広島電鉄
9034,j,南総通運
9036,j,東部ネット
9037,1,ハマキョウ
9039,1,サカイ引越
9041,1,近鉄ＧＨＤ
9042,1,阪急阪神
9044,1,南海電鉄
9045,1,京阪ＨＤ
9046,1,神戸電鉄
9048,1,名鉄
9049,2,京福電
9051,j,センコン物流
9052,1,山陽電
9055,2,アルプス物
9057,j,遠州トラック
9058,1,トランコム
9059,2,カンダ
9060,j,日ロジテム
9062,1,日通
9063,2,岡県運送
9064,1,ヤマトＨＤ
9065,1,山九
9066,1,日新
9067,1,丸運
9068,1,丸全運
9069,1,センコーＧＨ
9070,1,トナミＨＤ
9072,1,ニッコンＨＤ
9073,j,京極運
9074,1,日石輸
9075,1,福山通
9076,1,セイノーＨＤ
9078,1,エスライン
9081,1,神奈中交
9082,2,大和自交
9083,2,神姫バス
9086,1,日立物流
9087,j,タカセ
9090,1,丸和運輸機関
9099,1,Ｃ＆ＦロジＨ
9101,1,郵船
9104,1,商船三井
9107,1,川崎汽
9110,1,ユナイテド海
9115,1,明治海
9119,1,飯野海
9127,2,玉井商
9130,1,共栄タンカ
9142,1,ＪＲ九州
9143,1,ＳＧＨＤ
9171,2,栗林船
9173,2,東海汽
9176,j,佐渡汽
9179,2,川崎近海
9193,2,東京汽
9201,1,ＪＡＬ
9202,1,ＡＮＡ
9206,2,ＳＦＪ
9232,1,パスコ
9233,2,アジア航測
9260,1,Ｗｉｓｍｅｔ
9262,1,シルバライフ
9263,j,ビジョナリＨ
9264,j,ポエック
9265,1,ヤマシタＨＨ
9266,1,一家ダイニン
9267,1,ゲンキードラ
9268,2,オプティマス
9270,m,バリュＨＤ
9271,m,和心
9272,m,ブティックス
9273,2,コーア商事Ｈ
9274,1,国際紙パ商
9275,1,ナルミヤ
9278,1,ブックオフＨ
9279,m,ギフト
9281,2,タカラインフ
9282,2,いちごグリン
9283,2,再生可能エネ
9284,2,Ｃソーラー
9285,2,東京インフラ
9286,2,エネクスＩ
9287,2,ＪＩＦ
9301,1,三菱倉
9302,1,三井倉ＨＤ
9303,1,住友倉
9304,1,渋沢倉
9305,1,ヤマタネ
9306,1,東陽倉
9307,2,杉村倉
9308,1,乾汽船
9310,1,トラシティ
9311,2,アサガミ
9312,1,ケイヒン
9313,2,丸八倉
9318,2,アジア開発
9319,1,中央倉
9322,1,川西倉
9324,1,安田倉
9325,1,ファイズＨＤ
9326,m,関通
9351,1,洋埠頭
9353,2,桜島埠
9355,2,リンコー
9358,1,宇徳
9360,2,鈴与シンワ
9361,2,伏木運
9362,2,兵機海
9363,2,大運
9364,1,上組
9365,2,トレーディア
9366,1,サンリツ
9367,j,大東港運
9368,1,キムラユニ
9369,1,キユソ流通
9375,1,近鉄エクス
9376,j,ユーラシア
9377,j,エージーピー
9380,1,東海運
9381,1,エーアイテイ
9384,1,内外トランス
9385,1,ショーエイ
9386,1,日コンセプト
9401,1,ＴＢＳＨＤ
9404,1,日テレＨＤ
9405,1,朝日放送ＧＨ
9408,j,新潟放送
9409,1,テレビ朝日Ｈ
9412,1,スカパーＪ
9413,1,テレ東ＨＤ
9414,1,日本ＢＳ放送
9416,1,ビジョン
9417,1,スマトバリュ
9418,1,ＵＮＥＸＴＨ
9419,1,ワイヤレスＧ
9421,j,ＮＪＨＤ
9422,1,コネクシオ
9423,j,フォバルＲＳ
9424,1,日本通信
9425,j,日本テレホン
9428,1,クロップス
9432,1,ＮＴＴ
9433,1,ＫＤＤＩ
9434,1,ソフトバンク
9435,1,光通信
9436,j,沖縄セルラー
9437,1,ＮＴＴドコモ
9438,1,エムティア
9439,j,ＭＨグループ
9441,j,ベルパーク
9444,j,トーシンＨＤ
9445,2,Ｆテレコム
9446,j,サカイＨＤ
9449,1,ＧＭＯ
9450,1,ファイバーＧ
9466,1,アイドマＭＣ
9467,m,アルファポリ
9468,1,カドカワ
9470,1,学研ＨＤ
9474,1,ゼンリン
9475,1,昭文社ＨＤ
9476,j,中央経済ＨＤ
9478,j,ＳＥＨ＆Ｉ
9479,1,インプレス
9501,1,東電力ＨＤ
9502,1,中部電
9503,1,関西電
9504,1,中国電
9505,1,北陸電
9506,1,東北電
9507,1,四国電
9508,1,九州電
9509,1,北海電
9511,1,沖縄電力
9513,1,Ｊパワー
9514,1,エフオン
9517,1,イーレックス
9519,1,レノバ
9531,1,東ガス
9532,1,大ガス
9533,1,邦ガス
9534,1,北海ガス
9535,1,広島ガス
9536,1,西部ガス
9537,2,北陸ガス
9539,2,京葉ガス
9543,1,静岡ガス
9551,1,メタウォータ
9600,1,アイネット
9601,1,松竹
9602,1,東宝
9603,1,ＨＩＳ
9605,1,東映
9610,j,ウィルソン
9612,1,ラックランド
9613,1,ＮＴＴデータ
9616,1,共立メンテ
9619,1,イチネンＨＤ
9621,1,建設技研
9622,1,スペース
9624,1,長大
9625,j,セレスポ
9627,1,アインＨＤ
9628,1,燦ＨＤ
9629,1,ピーシーエー
9631,2,東急レク
9632,1,スバル興
9633,1,テアトル
9635,2,武蔵野興
9636,2,きんえい
9637,2,オーエス
9639,j,三協フロンテ
9640,j,セゾン情報
9641,j,サコス
9644,1,タナベ経営
9647,j,協和コンサル
9651,j,日プロ
9656,2,グリンランド
9658,1,ビジ太田昭和
9661,2,歌舞伎
9663,1,ナガワ
9671,1,よみランド
9672,1,都競馬
9675,1,常磐興
9678,1,カナモト
9679,j,ホウライ
9681,1,東京ドーム
9682,1,ＤＴＳ
9684,1,スクエニＨＤ
9685,j,ＫＹＣＯＭ
9686,2,東洋テック
9687,j,ＫＳＫ
9691,j,両毛システム
9692,1,シーイーシー
9695,j,鴨川グランド
9696,j,ウィザス
9697,1,カプコン
9698,j,クレオ
9699,1,西尾レント
9701,2,東会舘
9702,1,アイエスビー
9704,1,アゴーラＨＧ
9706,1,日空ビル
9707,j,ユニマットＲ
9708,2,帝国ホテル
9709,2,ＮＣＳ＆Ａ
9713,2,ロイヤルホ
9715,1,トランスコス
9716,1,乃村工芸
9717,1,ジャステック
9719,1,ＳＣＳＫ
9720,j,グランド
9722,1,藤田観
9723,2,京都ホテル
9726,1,ＫＮＴＣＴ
9728,1,日本管財
9729,1,トーカイ
9731,1,白洋舎
9733,j,ナガセ
9734,j,精養軒
9735,1,セコム
9739,1,ＮＳＷ
9740,1,ＣＳＰ
9742,1,アイネス
9743,1,丹青社
9744,1,メイテック
9746,1,ＴＫＣ
9749,1,富士ソフト
9753,j,ＩＸナレッジ
9755,1,応用地質
9757,1,船井総研ＨＤ
9758,j,ジシステム
9759,1,ＮＳＤ
9760,1,進学会ＨＤ
9761,2,東海リース
9763,1,丸紅建材
9765,1,オオバ
9766,1,コナミＨＤ
9767,2,日建工学
9768,1,いであ
9769,1,学究社
9776,j,札臨
9778,j,昴
9780,j,ハリマビス
9782,j,ＤＭＳ
9783,1,ベネッセＨＤ
9787,1,イオンディラ
9788,1,ナック
9790,1,福井コンＨ
9791,2,ビケンテクノ
9792,1,ニチイ学館
9793,1,ダイセキ
9795,1,ステップ
9797,2,大日本コン
9799,2,旭情報
9810,1,日鉄物産
9812,j,テーオーＨ
9816,j,ストライダズ
9818,2,大丸エナ
9820,j,ＭＴジェネ
9823,j,マミーマート
9824,1,泉州電業
9827,j,リリカラ
9828,1,元気寿司
9829,j,ながの東急
9830,1,トラスコ中山
9831,1,ヤマダ電機
9832,1,オートバック
9835,2,ジュンテンド
9837,1,モリト
9842,1,アークランド
9843,1,ニトリＨＤ
9845,2,パーカー
9846,2,天満屋ス
9849,j,共同紙
9850,1,グルメ杵屋
9852,j,ＣＢグループ
9853,j,銀座ルノア
9854,1,愛眼
9856,1,ケーユーＨＤ
9857,2,英和
9861,1,吉野家ＨＤ
9867,j,ソレキア
9869,1,加藤産
9872,1,北恵
9873,2,日本ＫＦＣ
9876,j,コックス
9878,2,セキド
9880,1,イノテック
9882,1,イエロハット
9885,2,シャルレ
9887,1,松屋フーズＨ
9888,j,ＵＥＸ
9889,1,ＪＢＣＣＨＤ
9890,j,マキヤ
9895,j,コンセック
9896,1,ＪＫＨＤ
9900,1,サガミＨＤ
9902,1,日伝
9903,j,カンセキ
9904,2,ベリテ
9906,j,藤井産業
9908,j,Ｄｅｎｋｅｉ
9909,j,愛光電気
9913,j,日邦産業
9914,j,植松商会
9919,1,関西スーパ
9927,j,ワットマン
9928,1,ミロク情報
9929,2,平和紙業
9930,1,北沢産
9932,1,杉本商事
9934,1,因幡電産
9936,1,王将フード
9941,j,太洋物産
9945,1,プレナス
9946,1,ミニストップ
9948,1,アークス
9950,j,ハチバン
9955,j,ヨンキュウ
9956,1,バローＨＤ
9959,2,アシードＨＤ
9960,1,東テク
9962,1,ミスミＧ
9964,j,アイテック
9966,1,藤久
9967,2,堺商事
9969,2,ショクブン
9972,1,アルテック
9973,j,小僧寿し
9974,1,ベルク
9976,j,セキチュー
9977,j,アオキスーパ
9978,j,文教堂ＨＤ
9979,1,大庄
9980,2,ＭＲＫＨＤ
9982,1,タキヒヨー
9983,1,ファストリテ
9984,1,ソフバンＧ
9986,1,蔵王産業
9987,1,スズケン
9989,1,サンドラッグ
9990,1,サックスバー
9991,1,ジェコス
9993,1,ヤマザワ
9994,1,やまや
9995,1,グローセル
9996,j,サトー商会
